,,,,,,,1950,1951,1952,1953,1954,1955,1956,1957,1958,1959,1960,1961,1962,1963,1964,1965,1966,1967,1968,1969,1970,1971,1972,1973,1974,1975,1976,1977,1978,1979,1980,1981,1982,1983,1984,1985,1986,1987,1988,1989,1990,1991,1992,1993,1994,1995,1996,1997,1998,1999,2000,2001,2002,2003,2004,2005,2006,2007,2008,2009,2010,2011,2012,2013,2014
Real Value-added Output,United States,Total Manufacturing (NAICS 31-33),C,Market Prices,National Currency,Index: 2002 = 100,18.5,20.6,21.3,22.8,21.2,23.4,23.3,23.6,21.6,24.2,24.2,24.2,26.5,28.7,30.7,33.8,36.7,36.5,38.5,39.5,37.3,38.3,41.7,46.0,43.9,40.9,45.2,48.8,51.3,53.1,50.4,52.8,48.9,52.8,57.8,59.7,59.6,64.0,68.5,69.3,68.4,67.3,69.6,72.4,77.1,80.3,82.9,87.9,92.1,97.2,103.2,99.0,100.0,105.0,111.8,114.4,120.0,123.9,120.3,111.1,117.0,117.4,118.2,119.9,123.8
Real Value-added Output,France,Total Manufacturing (NAICS 31-33),C,Basic Prices,National Currency,Index: 2002 = 100,15.8,17.3,17.2,17.3,18.4,19.1,20.3,21.9,22.6,22.9,25.0,26.5,28.3,31.2,33.1,35.2,37.7,39.1,41.4,45.2,49.3,52.8,53.4,56.6,61.1,59.1,62.8,65.1,65.9,67.3,67.3,66.6,66.5,67.7,67.7,68.7,68.4,68.6,71.6,74.7,77.4,77.4,77.9,76.4,78.9,82.2,83.1,86.6,91.1,94.5,99.1,100.1,100.0,102.6,104.8,106.7,109.6,111.8,108.2,101.0,103.4,107.5,108.3,107.4,107.6
Real Value-added Output,Germany,Total Manufacturing (NAICS 31-33),C,Basic Prices,National Currency,Index: 2002 = 100,13.7,15.8,17.8,19.8,22.2,26.0,28.1,30.0,31.6,34.6,39.2,41.6,43.6,44.5,48.3,52.0,52.8,51.6,57.0,63.7,66.9,66.4,68.3,72.3,73.0,69.8,74.3,76.7,77.1,80.7,80.8,79.7,77.9,78.5,81.2,84.9,84.8,83.5,86.8,91.4,95.3,98.9,96.1,88.7,91.5,90.9,88.3,91.9,92.8,93.8,100.7,102.1,100.0,101.0,104.8,106.5,115.4,120.5,117.8,95.0,112.7,122.7,122.2,122.5,125.2
Real Value-added Output,Italy,Total Manufacturing (NAICS 31-33),C,Basic Prices,National Currency,Index: 2002 = 100,8.3,9.4,9.8,10.6,11.7,12.8,13.8,14.7,15.0,16.6,18.8,20.7,22.9,24.4,24.7,26.0,28.4,31.2,34.1,36.3,39.2,39.6,42.3,48.0,51.7,49.0,56.2,58.8,61.0,66.8,71.2,69.7,68.8,68.9,71.2,73.6,75.2,78.0,83.2,87.0,88.0,88.0,87.8,85.8,91.5,95.9,95.2,96.0,97.2,97.3,100.8,100.2,100.0,98.1,99.9,100.3,104.9,108.1,104.6,86.1,93.7,95.6,92.3,90.4,90.0
Real Value-added Output,Japan,Total Manufacturing (NAICS 31-33),C,Purchaser Prices,National Currency,Index: 2002 = 100,2.2,3.1,3.3,4.1,4.5,4.9,6.0,7.1,7.0,8.5,10.6,12.7,13.8,15.4,17.9,18.6,21.1,25.3,29.2,34.0,38.7,40.6,44.2,49.8,48.5,46.0,50.0,51.6,53.1,57.7,59.7,61.9,63.5,64.7,68.1,75.0,74.6,77.3,83.5,88.9,95.5,100.7,98.7,95.4,94.1,98.3,102.1,104.9,99.4,99.7,105.4,101.6,100.0,104.7,110.7,115.5,121.0,128.3,129.3,106.4,127.2,124.0,126.8,127.0,129.5
Real Value-added Output,South Korea,Total Manufacturing (NAICS 31-33),C,Market Prices,National Currency,Index: 2002 = 100,NA,NA,NA,0.3,0.3,0.4,0.4,0.4,0.5,0.5,0.6,0.6,0.7,0.8,0.9,1.1,1.3,1.6,2.0,2.3,2.7,3.2,3.6,4.7,5.5,6.2,7.5,8.7,10.9,12.0,11.8,12.9,13.5,15.8,18.9,20.2,23.4,28.1,31.8,33.2,37.0,41.6,44.1,47.1,52.5,59.3,64.3,67.9,62.8,76.1,88.6,91.5,100.0,105.0,115.2,121.9,131.3,142.4,147.7,147.0,167.0,178.0,182.2,188.1,195.6
Real Value-added Output,Taiwan,Total Manufacturing (NAICS 31-33),C,Market Prices,National Currency,Index: 2002 = 100,NA,NA,NA,NA,NA,NA,NA,NA,NA,NA,NA,1.9,2.1,2.4,3.0,3.4,4.0,4.7,5.6,6.9,8.3,10.2,12.5,14.6,13.8,14.6,17.9,20.5,24.9,26.7,29.4,34.4,35.3,40.3,46.0,46.0,53.2,58.6,59.6,61.1,59.3,62.4,64.2,65.4,69.0,72.7,76.1,80.9,82.8,88.9,96.1,89.5,100.0,110.1,121.5,131.0,142.9,156.9,158.0,152.6,186.6,199.4,206.8,210.0,223.3
Real Value-added Output,United Kingdom,Total Manufacturing (NAICS 31-33),C,Basic Prices,National Currency,Index: 2002 = 100,45.4,46.7,44.4,47.6,50.1,53.3,53.2,54.4,53.9,57.1,61.7,61.8,61.9,64.1,70.0,72.0,73.2,73.6,79.3,82.2,82.6,81.6,83.4,91.2,90.0,83.8,85.4,87.0,87.5,87.3,79.7,74.8,74.8,76.4,79.2,81.4,82.5,86.4,92.7,96.4,96.3,91.4,91.4,92.7,97.1,98.5,99.3,101.0,101.4,101.9,104.3,102.6,100.0,99.4,101.3,101.3,103.5,104.2,101.2,91.7,96.0,97.8,96.5,96.5,98.7
Annual % Change,,,,,,,,,,,,,,,,,,,,,,,,,,,,,,,,,,,,,,,,,,,,,,,,,,,,,,,,,,,,,,,,,,,,,,,
Real Value-added Output,United States,,,,,,,11.4,3.4,7.0,-7.0,10.4,-0.4,1.3,-8.5,12.0,0.0,0.0,9.5,8.3,7.0,10.1,8.6,-0.5,5.5,2.6,-5.6,2.7,8.9,10.3,-4.6,-6.8,10.5,8.0,5.1,3.5,-5.1,4.8,-7.4,8.0,9.5,3.3,-0.2,7.4,7.0,1.2,-1.3,-1.6,3.4,4.0,6.5,4.2,3.2,6.0,4.8,5.5,6.2,-4.1,1.0,5.0,6.5,2.3,4.9,3.3,-2.9,-7.6,5.3,0.3,0.7,1.4,3.3
Real Value-added Output,France,,,,,,,9.5,-0.6,0.6,6.4,3.8,6.3,7.9,3.2,1.3,9.2,6.0,6.8,10.2,6.1,6.3,7.1,3.7,5.9,9.2,9.1,7.1,1.1,6.0,8.0,-3.3,6.3,3.7,1.2,2.1,0.0,-1.0,-0.2,1.8,0.0,1.5,-0.4,0.3,4.4,4.3,3.6,0.0,0.6,-1.9,3.3,4.2,1.1,4.2,5.2,3.7,4.9,1.0,-0.1,2.6,2.1,1.8,2.7,2.0,-3.2,-6.7,2.4,4.0,0.7,-0.8,0.2
Real Value-added Output,Germany,,,,,,,15.3,12.7,11.2,12.1,17.1,8.1,6.8,5.3,9.5,13.3,6.1,4.8,2.1,8.5,7.7,1.5,-2.3,10.5,11.8,5.0,-0.7,2.9,5.9,1.0,-4.4,6.4,3.2,0.5,4.7,0.1,-1.4,-2.3,0.8,3.4,4.6,-0.1,-1.5,4.0,5.3,4.3,3.8,-2.8,-7.7,3.2,-0.7,-2.9,4.1,1.0,1.1,7.4,1.4,-2.1,1.0,3.8,1.6,8.4,4.4,-2.2,-19.4,18.6,8.9,-0.4,0.2,2.2
Real Value-added Output,Italy,,,,,,,13.3,4.3,8.2,10.4,9.4,7.8,6.5,2.0,10.7,13.3,10.1,10.6,6.6,1.2,5.3,9.2,9.9,9.3,6.5,8.0,1.0,6.8,13.5,7.7,-5.2,14.7,4.6,3.7,9.5,6.6,-2.1,-1.3,0.1,3.3,3.4,2.2,3.7,6.7,4.6,1.1,0.0,-0.2,-2.3,6.6,4.8,-0.7,0.8,1.3,0.1,3.6,-0.6,-0.2,-1.9,1.8,0.4,4.6,3.1,-3.2,-17.7,8.8,2.0,-3.5,-2.1,-0.4
Real Value-added Output,Japan,,,,,,,40.9,6.5,24.2,9.8,8.9,22.4,18.3,-1.4,21.4,24.7,19.8,8.7,11.6,16.2,3.9,13.4,19.9,15.4,16.4,13.8,4.9,8.9,12.7,-2.6,-5.2,8.7,3.2,2.9,8.7,3.5,3.7,2.6,1.9,5.3,10.1,-0.5,3.6,8.0,6.5,7.4,5.4,-2.0,-3.3,-1.4,4.5,3.9,2.7,-5.2,0.3,5.7,-3.6,-1.6,4.7,5.7,4.3,4.8,6.0,0.8,-17.7,19.5,-2.5,2.3,0.2,2.0
Real Value-added Output,South Korea,,,,,,,,,,0.0,33.3,0.0,0.0,25.0,0.0,20.0,0.0,16.7,14.3,12.5,22.2,18.2,23.1,25.0,15.0,17.4,18.5,12.5,30.6,17.0,12.7,21.0,16.0,25.3,10.1,-1.7,9.3,4.7,17.0,19.6,6.9,15.8,20.1,13.2,4.4,11.4,12.4,6.0,6.8,11.5,13.0,8.4,5.6,-7.5,21.2,16.4,3.3,9.3,5.0,9.7,5.8,7.7,8.5,3.7,-0.5,13.6,6.6,2.4,3.2,4.0
Real Value-added Output,Taiwan,,,,,,,,,,,,,,,,,,10.5,14.3,25.0,13.3,17.6,17.5,19.1,23.2,20.3,22.9,22.5,16.8,-5.5,5.8,22.6,14.5,21.5,7.2,10.1,17.0,2.6,14.2,14.1,0.0,15.7,10.2,1.7,2.5,-2.9,5.2,2.9,1.9,5.5,5.4,4.7,6.3,2.3,7.4,8.1,-6.9,11.7,10.1,10.4,7.8,9.1,9.8,0.7,-3.4,22.3,6.9,3.7,1.5,6.3
Real Value-added Output,United Kingdom,,,,,,,2.9,-4.9,7.2,5.3,6.4,-0.2,2.3,-0.9,5.9,8.1,0.2,0.2,3.6,9.2,2.9,1.7,0.5,7.7,3.7,0.5,-1.2,2.2,9.4,-1.3,-6.9,1.9,1.9,0.6,-0.2,-8.7,-6.1,0.0,2.1,3.7,2.8,1.4,4.7,7.3,4.0,-0.1,-5.1,0.0,1.4,4.7,1.4,0.8,1.7,0.4,0.5,2.4,-1.6,-2.5,-0.6,1.9,0.0,2.2,0.7,-2.9,-9.4,4.7,1.9,-1.3,0.0,2.3
,,,,,,,,,,,,,,,,,,,,,,,,,,,,,,,,,,,,,,,,,,,,,,,,,,,,,,,,,,,,,,,,,,,,,,,
Business Cycle Avgs,,,,,,,,1949-1959,1960-1969,1970-1979,1980-1990,1991-2000,2001-2007,2008-2014,,1991-1995,1996-2000,,,,,,,,,,,,,,,,,,,,,,,,,,,,,,,,,,,,,,,,,,,,,,,,,,,,,,
Real Value-added Output,United States,,,,,,,3.3,5.1,3.2,2.5,4.2,2.7,0.1,,3.3,5.2,,,,,,,,,,,,,,,,,,,,,,,,,,,,,,,,,,,,,,,,,,,,,,,,,,,,,,
Real Value-added Output,France,,,,,,,4.3,7.1,4.1,1.3,2.5,1.7,-0.5,,1.2,3.8,,,,,,,,,,,,,,,,,,,,,,,,,,,,,,,,,,,,,,,,,,,,,,,,,,,,,,
Real Value-added Output,Germany,,,,,,,10.9,6.4,2.4,1.6,0.6,2.6,1.1,,-0.9,2.1,,,,,,,,,,,,,,,,,,,,,,,,,,,,,,,,,,,,,,,,,,,,,,,,,,,,,,
Real Value-added Output,Italy,,,,,,,8.1,8.2,6.4,2.6,1.4,1.0,-2.3,,1.8,1.0,,,,,,,,,,,,,,,,,,,,,,,,,,,,,,,,,,,,,,,,,,,,,,,,,,,,,,
Real Value-added Output,Japan,,,,,,,16.8,15.0,5.6,4.7,1.1,2.9,0.6,,0.6,1.5,,,,,,,,,,,,,,,,,,,,,,,,,,,,,,,,,,,,,,,,,,,,,,,,,,,,,,
Real Value-added Output,South Korea,,,,,,,9.7,16.7,18.1,11.0,9.4,7.0,4.7,,9.9,8.8,,,,,,,,,,,,,,,,,,,,,,,,,,,,,,,,,,,,,,,,,,,,,,,,,,,,,,
Real Value-added Output,Taiwan,,,,,,,,17.6,14.9,7.7,5.0,7.4,5.4,,4.2,5.8,,,,,,,,,,,,,,,,,,,,,,,,,,,,,,,,,,,,,,,,,,,,,,,,,,,,,,
Real Value-added Output,United Kingdom,,,,,,,2.7,3.8,0.7,1.0,0.8,0.0,-0.7,,0.5,1.2,,,,,,,,,,,,,,,,,,,,,,,,,,,,,,,,,,,,,,,,,,,,,,,,,,,,,,
,,,,,,,,,,,,,,,,,,,,,,,,,,,,,,,,,,,,,,,,,,,,,,,,,,,,,,,,,,,,,,,,,,,,,,,
Nominal Value-added Output,United States,Total Manufacturing (NAICS 31-33),C,Market Prices,US Dollars,Millions,"86,412","103,063","107,090","116,993","110,681","125,265","129,944","135,386","127,768","143,766","145,181","145,834","160,308","169,341","182,074","201,120","223,104","228,001","248,353","260,215","256,406","270,881","298,197","329,649","346,518","367,087","421,176","477,877","533,817","593,021","607,604","674,318","660,061","715,565","796,426","817,757","846,053","895,789","979,698","1,034,113","1,054,465","1,062,954","1,106,486","1,152,413","1,226,853","1,285,187","1,315,224","1,390,100","1,435,100","1,493,700","1,555,300","1,478,500","1,472,700","1,531,100","1,619,200","1,704,200","1,804,200","1,854,300","1,814,100","1,726,700","1,830,600","1,907,300","1,994,600","2,028,500","2,095,944"
Nominal Value-added Output,France,Total Manufacturing (NAICS 31-33),C,Basic Prices,Euros,Millions,"3,508","4,836","5,405","5,277","5,421","5,736","6,428","7,343","8,274","9,260","10,386","11,362","12,286","13,718","15,221","16,271","17,494","18,540","19,815","22,272","24,875","28,078","30,301","35,448","41,789","45,616","52,387","58,776","66,097","73,653","81,907","90,239","100,419","111,622","119,857","128,910","135,568","138,889","148,885","158,577","167,891","170,832","173,328","169,190","170,319","178,108","178,014","186,265","194,543","198,526","209,744","211,690","211,397","209,461","211,818","211,883","212,495","221,488","217,207","201,691","202,620","210,379","214,645","215,095","219,370"
Nominal Value-added Output,Germany,Total Manufacturing (NAICS 31-33),C,Basic Prices,Euros,Millions,"17,973","23,010","25,753","27,526","29,859","34,674","38,034","41,321","44,030","48,517","55,424","61,400","65,944","68,486","76,191","84,091","87,743","88,043","97,904","112,019","126,588","134,150","141,841","158,743","173,092","172,464","187,877","200,226","211,799","225,733","235,987","239,699","248,602","256,643","268,248","289,383","308,976","309,603","326,484","344,577","369,531","391,719","396,272","372,144","380,234","388,128","384,243","395,485","409,777","412,031","434,879","443,228","437,637","441,493","456,615","463,423","496,640","525,844","513,924","435,451","509,575","551,314","558,745","561,285","581,001"
Nominal Value-added Output,Italy,Total Manufacturing (NAICS 31-33),C,Basic Prices,Euros,Millions,"1,268","1,627","1,649","1,753","1,863","2,020","2,161","2,338","2,470","2,684","3,047","3,410","3,830","4,442","4,727","4,976","5,481","6,083","6,673","7,410","8,682","9,340","10,118","12,825","17,312","18,887","25,590","30,653","34,931","43,414","54,093","62,599","71,021","78,243","89,291","98,973","107,615","115,652","126,842","139,782","145,807","151,429","154,950","158,039","169,265","185,912","193,130","199,620","207,272","207,937","217,012","222,206","225,457","223,907","230,141","231,480","241,487","256,643","251,913","215,612","228,279","232,204","222,917","221,636","225,484"
Nominal Value-added Output,Japan,Total Manufacturing (NAICS 31-33),C,Purchaser Prices,Yen,Millions,NA,NA,"1,537,005","1,877,692","2,098,506","2,248,709","2,672,854","3,144,716","3,044,451","3,820,488","5,006,953","6,230,896","6,879,428","8,135,151","9,262,307","9,723,254","11,449,486","14,103,311","16,640,450","20,518,411","24,560,003","26,446,400","29,690,736","36,807,121","41,987,714","41,674,787","47,534,814","51,545,746","56,320,669","60,292,717","65,331,637","69,668,172","72,866,892","75,650,265","82,561,587","87,601,881","88,926,597","91,127,486","97,543,251","104,314,206","112,558,688","119,459,168","118,197,872","112,263,176","108,258,900","109,985,600","112,283,200","114,041,500","109,026,100","106,169,100","107,535,800","99,487,500","95,937,200","96,582,500","98,499,500","99,698,600","100,267,900","103,564,600","98,666,200","83,351,200","94,333,100","87,283,900","87,947,500","88,283,900","90,051,095"
Nominal Value-added Output,South Korea,Total Manufacturing (NAICS 31-33),C,Market Prices,Won,Millions,NA,NA,NA,"3,580","6,510","11,200","14,970","18,110","21,270","24,440","28,050","35,490","42,110","65,810","104,410","140,920","176,340","218,440","287,140","373,670","479,800","565,900","789,400","1,172,500","1,625,800","2,090,800","3,053,900","3,852,700","5,219,900","6,888,600","8,518,800","10,560,700","12,137,600","15,218,600","18,791,200","20,804,800","25,453,200","31,655,400","39,156,700","42,738,000","48,640,900","58,993,400","65,326,600","74,736,000","90,664,600","108,164,500","116,289,100","127,868,100","131,166,600","145,413,100","165,229,200","169,739,800","184,577,700","193,549,200","225,327,500","234,696,900","242,292,400","265,627,400","284,939,500","300,036,500","351,770,600","379,521,000","388,010,100","405,526,500","415,051,894"
Nominal Value-added Output,Taiwan,Total Manufacturing (NAICS 31-33),C,Market Prices,New Taiwanese Dollars,Millions,NA,"2,017","2,461","3,211","4,426","5,189","6,342","7,765","8,381","11,188","13,264","14,834","17,401","21,706","26,418","28,357","31,995","40,945","50,678","64,890","74,749","93,584","122,300","169,544","202,202","204,788","267,832","318,670","395,524","478,017","600,875","678,066","729,782","838,539","978,538","1,013,129","1,268,931","1,384,903","1,424,372","1,484,657","1,566,927","1,734,796","1,805,324","1,913,837","1,990,955","2,088,071","2,251,996","2,434,862","2,587,536","2,654,566","2,884,458","2,652,318","2,985,197","3,222,147","3,504,164","3,588,152","3,724,947","3,916,754","3,678,114","3,484,377","4,122,165","4,102,225","4,120,882","4,269,190","4,583,912"
Nominal Value-added Output,United Kingdom,Total Manufacturing (NAICS 31-33),C,Basic Prices,GB Pounds,Millions,NA,NA,NA,NA,NA,NA,NA,NA,NA,NA,NA,NA,NA,NA,NA,NA,NA,NA,NA,NA,"13,717","14,968","16,381","18,450","20,466","25,066","29,057","33,236","37,913","43,638","49,938","53,952","57,449","61,642","64,612","69,378","74,489","82,337","92,323","102,146","106,496","109,286","111,223","114,360","124,932","133,620","140,633","145,906","145,310","141,343","144,138","139,279","137,510","137,003","136,707","141,230","143,236","143,173","145,966","136,278","143,146","146,249","146,861","147,697","150,407"
,,,,,,,,,,,,,,,,,,,,,,,,,,,,,,,,,,,,,,,,,,,,,,,,,,,,,,,,,,,,,,,,,,,,,,,
Nominal Value-added Output,United States,,,,,,,19.3,3.9,9.2,-5.4,13.2,3.7,4.2,-5.6,12.5,1.0,0.4,9.9,5.6,7.5,10.5,10.9,2.2,8.9,4.8,-1.5,5.6,10.1,10.5,5.1,5.9,14.7,13.5,11.7,11.1,2.5,11.0,-2.1,8.4,11.3,2.7,3.5,5.9,9.4,5.6,2.0,0.8,4.1,4.2,6.5,4.8,2.3,5.7,3.2,4.1,4.1,-4.9,-0.4,4.0,5.8,5.2,5.9,2.8,-2.2,-4.8,6.0,4.2,4.6,1.7,3.3
Nominal Value-added Output,France,,,,,,,37.8,11.8,-2.4,2.7,5.8,12.1,14.2,12.7,11.9,12.2,9.4,8.1,11.7,11.0,6.9,7.5,6.0,6.9,12.4,11.7,12.9,7.9,17.0,17.9,9.2,14.8,12.2,12.5,11.4,11.2,10.2,11.3,11.2,7.4,7.6,5.2,2.4,7.2,6.5,5.9,1.8,1.5,-2.4,0.7,4.6,-0.1,4.6,4.4,2.0,5.7,0.9,-0.1,-0.9,1.1,0.0,0.3,4.2,-1.9,-7.1,0.5,3.8,2.0,0.2,2.0
Nominal Value-added Output,Germany,,,,,,,28.0,11.9,6.9,8.5,16.1,9.7,8.6,6.6,10.2,14.2,10.8,7.4,3.9,11.2,10.4,4.3,0.3,11.2,14.4,13.0,6.0,5.7,11.9,9.0,-0.4,8.9,6.6,5.8,6.6,4.5,1.6,3.7,3.2,4.5,7.9,6.8,0.2,5.5,5.5,7.2,6.0,1.2,-6.1,2.2,2.1,-1.0,2.9,3.6,0.6,5.5,1.9,-1.3,0.9,3.4,1.5,7.2,5.9,-2.3,-15.3,17.0,8.2,1.3,0.5,3.5
Nominal Value-added Output,Italy,,,,,,,28.3,1.4,6.3,6.3,8.4,7.0,8.2,5.6,8.7,13.5,11.9,12.3,16.0,6.4,5.3,10.2,11.0,9.7,11.0,17.2,7.6,8.3,26.8,35.0,9.1,35.5,19.8,14.0,24.3,24.6,15.7,13.5,10.2,14.1,10.8,8.7,7.5,9.7,10.2,4.3,3.9,2.3,2.0,7.1,9.8,3.9,3.4,3.8,0.3,4.4,2.4,1.5,-0.7,2.8,0.6,4.3,6.3,-1.8,-14.4,5.9,1.7,-4.0,-0.6,1.7
Nominal Value-added Output,Japan,,,,,,,,,22.2,11.8,7.2,18.9,17.7,-3.2,25.5,31.1,24.4,10.4,18.3,13.9,5.0,17.8,23.2,18.0,23.3,19.7,7.7,12.3,24.0,14.1,-0.7,14.1,8.4,9.3,7.1,8.4,6.6,4.6,3.8,9.1,6.1,1.5,2.5,7.0,6.9,7.9,6.1,-1.1,-5.0,-3.6,1.6,2.1,1.6,-4.4,-2.6,1.3,-7.5,-3.6,0.7,2.0,1.2,0.6,3.3,-4.7,-15.5,13.2,-7.5,0.8,0.4,2.0
Nominal Value-added Output,South Korea,,,,,,,,,,81.8,72.0,33.7,21.0,17.4,14.9,14.8,26.5,18.7,56.3,58.7,35.0,25.1,23.9,31.5,30.1,28.4,17.9,39.5,48.5,38.7,28.6,46.1,26.2,35.5,32.0,23.7,24.0,14.9,25.4,23.5,10.7,22.3,24.4,23.7,9.1,13.8,21.3,10.7,14.4,21.3,19.3,7.5,10.0,2.6,10.9,13.6,2.7,8.7,4.9,16.4,4.2,3.2,9.6,7.3,5.3,17.2,7.9,2.2,4.5,2.3
Nominal Value-added Output,Taiwan,,,,,,,,,,,,,,,,,,17.3,24.7,21.7,7.3,12.8,28.0,23.8,28.0,15.2,25.2,30.7,38.6,19.3,1.3,30.8,19.0,24.1,20.9,25.7,12.8,7.6,14.9,16.7,3.5,25.2,9.1,2.8,4.2,5.5,10.7,4.1,6.0,4.0,4.9,7.9,8.1,6.3,2.6,8.7,-8.0,12.6,7.9,8.8,2.4,3.8,5.1,-6.1,-5.3,18.3,-0.5,0.5,3.6,7.4
Nominal Value-added Output,United Kingdom,,,,,,,,,,,,,,,,,,,,,,,,,,,9.1,9.4,12.6,10.9,22.5,15.9,14.4,14.1,15.1,14.4,8.0,6.5,7.3,4.8,7.4,7.4,10.5,12.1,10.6,4.3,2.6,1.8,2.8,9.2,7.0,5.2,3.7,-0.4,-2.7,2.0,-3.4,-1.3,-0.4,-0.2,3.3,1.4,0.0,2.0,-6.6,5.0,2.2,0.4,0.6,1.8
,,,,,,,,,,,,,,,,,,,,,,,,,,,,,,,,,,,,,,,,,,,,,,,,,,,,,,,,,,,,,,,,,,,,,,,
,,,,,,,,1949-1959,1960-1969,1970-1979,1980-1990,1991-2000,2001-2007,2008-2014,,1991-1995,1996-2000,,,,,,,,,,,,,,,,,,,,,,,,,,,,,,,,,,,,,,,,,,,,,,,,,,,,,,
Nominal Value-added Output,United States,,,,,,,6.1,6.2,8.7,5.4,4.0,2.6,1.8,,4.1,3.9,,,,,,,,,,,,,,,,,,,,,,,,,,,,,,,,,,,,,,,,,,,,,,,,,,,,,,
Nominal Value-added Output,France,,,,,,,11.9,9.2,12.7,7.8,2.3,0.8,-0.1,,1.2,3.3,,,,,,,,,,,,,,,,,,,,,,,,,,,,,,,,,,,,,,,,,,,,,,,,,,,,,,
Nominal Value-added Output,Germany,,,,,,,11.8,8.8,7.3,4.6,1.7,2.8,1.9,,1.1,2.3,,,,,,,,,,,,,,,,,,,,,,,,,,,,,,,,,,,,,,,,,,,,,,,,,,,,,,
Nominal Value-added Output,Italy,,,,,,,8.9,10.7,19.7,11.8,4.1,2.4,-1.6,,5.0,3.2,,,,,,,,,,,,,,,,,,,,,,,,,,,,,,,,,,,,,,,,,,,,,,,,,,,,,,
Nominal Value-added Output,Japan,,,,,,,14.3,18.5,11.6,5.9,-0.4,-0.5,-1.6,,-0.4,-0.4,,,,,,,,,,,,,,,,,,,,,,,,,,,,,,,,,,,,,,,,,,,,,,,,,,,,,,
Nominal Value-added Output,South Korea,,,,,,,40.1,32.0,34.1,19.6,13.2,7.1,6.7,,17.4,8.9,,,,,,,,,,,,,,,,,,,,,,,,,,,,,,,,,,,,,,,,,,,,,,,,,,,,,,
Nominal Value-added Output,Taiwan,,,,,,,,20.5,22.5,11.7,6.3,4.7,2.6,,5.9,6.7,,,,,,,,,,,,,,,,,,,,,,,,,,,,,,,,,,,,,,,,,,,,,,,,,,,,,,
Nominal Value-added Output,United Kingdom,,,,,,,,,13.8,8.5,3.1,-0.1,0.8,,4.7,1.6,,,,,,,,,,,,,,,,,,,,,,,,,,,,,,,,,,,,,,,,,,,,,,,,,,,,,,
,,,,,,,,,,,,,,,,,,,,,,,,,,,,,,,,,,,,,,,,,,,,,,,,,,,,,,,,,,,,,,,,,,,,,,,
,,,,,,,,1949-1959,1960-1969,1970-1979,1980-1990,1991-2000,2001-2007,2008-2014,,1991-1995,1996-2000,,,,,,,,,,,,,,,,,,,,,,,,,,,,,,,,,,,,,,,,,,,,,,,,,,,,,,
Prices,United States,,,,,,,2.8,1.1,5.5,3.0,-0.2,-0.1,1.8,,0.8,-1.3,,,,,,,,,,,,,,,,,,,,,,,,,,,,,,,,,,,,,,,,,,,,,,,,,,,,,,
Prices,France,,,,,,,7.6,2.1,8.6,6.5,-0.2,-0.9,0.4,,0.0,-0.5,,,,,,,,,,,,,,,,,,,,,,,,,,,,,,,,,,,,,,,,,,,,,,,,,,,,,,
Prices,Germany,,,,,,,0.9,2.4,4.9,3.0,1.1,0.1,0.7,,1.9,0.2,,,,,,,,,,,,,,,,,,,,,,,,,,,,,,,,,,,,,,,,,,,,,,,,,,,,,,
Prices,Italy,,,,,,,0.8,2.5,13.3,9.2,2.7,1.4,0.6,,3.2,2.1,,,,,,,,,,,,,,,,,,,,,,,,,,,,,,,,,,,,,,,,,,,,,,,,,,,,,,
Prices,Japan,,,,,,,-2.5,3.5,6.0,1.1,-1.5,-3.4,-2.3,,-1.0,-1.9,,,,,,,,,,,,,,,,,,,,,,,,,,,,,,,,,,,,,,,,,,,,,,,,,,,,,,
Prices,South Korea,,,,,,,,15.4,16.0,8.6,3.8,0.1,2.0,,7.5,0.1,,,,,,,,,,,,,,,,,,,,,,,,,,,,,,,,,,,,,,,,,,,,,,,,,,,,,,
Prices,Taiwan,,,,,,,,2.9,7.6,3.9,1.4,-2.8,-2.9,,1.8,0.9,,,,,,,,,,,,,,,,,,,,,,,,,,,,,,,,,,,,,,,,,,,,,,,,,,,,,,
Prices,United Kingdom,,,,,,,,,13.1,7.5,2.3,-0.1,1.4,,4.2,0.4,,,,,,,,,,,,,,,,,,,,,,,,,,,,,,,,,,,,,,,,,,,,,,,,,,,,,,
,,,,,,,,,,,,,,,,,,,,,,,,,,,,,,,,,,,,,,,,,,,,,,,,,,,,,,,,,,,,,,,,,,,,,,,
,,,,,,,,,,,,,,,,,,,,,,,,,,,,,,,,,,,,,,,,,,,,,,,,,,,,,,,,,,,,,,,,,,,,,,,
,,,,,,,,,,,,,,,,,,,,,,,,,,,,,,,,,,,,,,,,,,,,,,,,,,,,,,,,,,,,,,,,,,,,,,,
,,,,,,,,,,,,,,,,,,,,,,,,,,,,,,,,,,,,,,,,,,,,,,,,,,,,,,,,,,,,,,,,,,,,,,,
,,,,,,,,,,,,,,,,,,,,,,,,,,,,,,,,,,,,,,,,,,,,,,,,,,,,,,,,,,,,,,,,,,,,,,,
,,,,,,,,,,,,,,,,,,,,,,,,,,,,,,,,,,,,,,,,,,,,,,,,,,,,,,,,,,,,,,,,,,,,,,,
,,,,,,,,,,,,,,,,,,,,,,,,,,,,,,,,,,,,,,,,,,,,,,,,,,,,,,,,,,,,,,,,,,,,,,,
,,,,,,,1950,1951,1952,1953,1954,1955,1956,1957,1958,1959,1960,1961,1962,1963,1964,1965,1966,1967,1968,1969,1970,1971,1972,1973,1974,1975,1976,1977,1978,1979,1980,1981,1982,1983,1984,1985,1986,1987,1988,1989,1990,1991,1992,1993,1994,1995,1996,1997,1998,1999,2000,2001,2002,2003,2004,2005,2006,2007,2008,2009,2010,2011,2012,2013,2014
Output per Hour,United States,Total Manufacturing (NAICS 31-33),C,NA,National Currency,Index: 2002 = 100,19.5,20.2,20.6,20.9,21.3,22.3,21.9,22.5,22.5,23.6,23.7,24.3,25.6,27.4,28.7,29.8,30.5,30.4,31.6,32.1,32.2,34.3,35.8,37.6,36.7,37.9,40.0,41.5,41.8,42.5,42.2,44.5,45.0,48.1,49.5,51.4,52.2,55.6,57.7,58.0,58.7,60.3,62.7,64.3,67.0,69.3,71.7,74.6,78.5,83.3,89.6,92.0,100.0,110.4,118.2,122.3,127.4,133.8,135.3,143.5,151.2,148.5,146.3,147.3,149.4
Output per Hour,France,Total Manufacturing (NAICS 31-33),C,NA,National Currency,Index: 2002 = 100,9.1,9.5,9.7,10.1,10.7,11.0,11.6,12.2,12.7,13.2,14.1,14.9,15.7,16.9,17.6,19.0,20.3,21.5,23.5,25.4,27.3,28.8,29.7,31.1,33.8,34.6,35.8,37.9,39.3,40.6,41.2,42.8,45.3,47.6,49.4,52.1,52.7,53.4,56.0,58.8,60.5,62.0,64.2,66.4,70.7,74.0,75.2,79.4,83.9,88.0,94.2,95.9,100.0,105.2,109.4,113.9,120.3,123.1,119.9,120.6,127.2,132.9,135.6,136.4,138.8
Output per Hour,Germany,Total Manufacturing (NAICS 31-33),C,NA,National Currency,Index: 2002 = 100,10.0,10.7,11.7,12.5,13.1,14.3,14.9,16.3,17.3,18.9,20.7,21.7,23.3,24.2,26.3,27.9,29.0,30.8,33.4,35.8,36.9,37.7,39.9,42.3,44.6,46.6,49.4,51.5,52.6,54.6,55.0,55.9,56.6,58.9,61.2,64.4,63.7,62.8,65.7,69.2,71.6,73.7,74.7,75.9,82.1,83.4,84.1,89.2,89.0,90.8,97.7,99.7,100.0,103.8,108.2,112.8,122.3,126.0,120.5,107.0,124.4,130.8,129.8,129.5,130.3
Output per Hour,Italy,Total Manufacturing (NAICS 31-33),C,NA,National Currency,Index: 2002 = 100,9.9,11.0,11.5,12.1,12.7,13.8,14.6,14.9,15.1,16.3,17.3,18.7,20.7,21.3,21.5,23.9,26.0,27.3,29.5,30.5,32.5,33.2,35.9,39.5,42.6,40.6,46.4,48.2,50.0,54.4,57.0,57.2,57.5,59.9,65.1,68.1,69.4,72.3,75.4,78.2,78.0,78.5,81.8,82.7,90.1,94.6,94.7,95.7,94.7,95.8,100.1,100.2,100.0,98.5,101.1,103.4,106.7,108.3,106.7,99.1,110.5,112.6,113.8,115.0,113.3
Output per Hour,Japan,Total Manufacturing (NAICS 31-33),C,NA,National Currency,Index: 2002 = 100,3.8,4.8,5.0,5.7,6.1,6.3,6.9,7.8,7.3,8.6,10.1,11.4,12.1,13.1,14.8,15.5,17.0,19.2,21.5,24.6,27.7,29.3,32.2,35.1,35.9,37.0,39.2,40.8,42.4,45.9,46.6,48.1,49.8,50.0,51.0,55.9,56.1,58.4,61.2,64.5,69.1,72.6,73.4,74.8,76.1,81.3,85.1,88.3,89.3,92.2,98.0,97.3,100.0,105.4,111.7,117.7,120.4,127.6,133.0,124.7,144.7,142.6,145.8,150.5,153.3
Output per Hour,South Korea,Total Manufacturing (NAICS 31-33),C,NA,National Currency,Index: 2002 = 100,NA,NA,NA,NA,NA,NA,NA,NA,NA,NA,NA,NA,NA,NA,NA,NA,NA,NA,NA,NA,NA,NA,NA,NA,NA,NA,NA,NA,NA,NA,NA,NA,NA,NA,NA,20.4,21.3,23.2,25.1,27.3,31.1,35.8,39.3,43.3,47.3,52.5,58.8,66.8,74.8,83.1,89.7,89.6,100.0,106.3,116.4,124.7,136.0,149.0,165.0,169.1,181.3,186.8,187.9,193.3,193.7
Output per Hour,Taiwan,Total Manufacturing (NAICS 31-33),C,NA,National Currency,Index: 2002 = 100,NA,NA,NA,NA,NA,NA,NA,NA,NA,NA,NA,NA,NA,NA,NA,NA,NA,NA,NA,NA,NA,NA,NA,19.3,18.7,20.0,21.7,23.1,25.9,26.8,28.6,34.4,35.3,38.4,39.1,39.1,42.5,45.3,46.5,50.1,52.5,56.2,57.6,58.9,60.9,65.4,69.9,73.1,76.1,80.7,85.6,89.9,100.0,107.2,112.6,121.7,132.1,143.3,145.5,154.7,172.1,180.6,186.6,188.4,197.3
Output per Hour,United Kingdom,Total Manufacturing (NAICS 31-33),C,NA,National Currency,Index: 2002 = 100,20.6,20.6,19.8,20.8,21.5,22.2,22.2,22.8,23.2,24.2,25.2,25.3,25.8,27.2,29.0,29.9,30.8,32.2,34.8,35.6,36.3,37.3,39.5,42.2,39.8,39.9,41.5,42.1,43.7,44.0,42.7,44.4,47.3,50.5,52.9,53.9,55.7,59.0,62.0,64.9,67.2,71.3,76.5,79.9,82.6,82.1,81.1,83.8,83.4,87.9,93.5,96.7,100.0,106.0,113.4,117.5,123.1,127.1,129.1,127.0,133.5,138.5,134.9,133.6,136.3
,,,,,,,,,,,,,,,,,,,,,,,,,,,,,,,,,,,,,,,,,,,,,,,,,,,,,,,,,,,,,,,,,,,,,,,
Output per Hour,United States,,,,,,,3.4,2.0,1.8,1.8,4.7,-2.1,2.8,0.1,4.7,0.5,2.8,5.0,7.1,4.9,3.8,2.1,-0.1,4.0,1.4,0.3,6.6,4.3,5.0,-2.4,3.4,5.6,3.6,0.9,1.5,-0.6,5.3,1.3,6.8,2.9,3.9,1.4,6.6,3.9,0.5,1.2,2.8,3.9,2.6,4.2,3.4,3.4,4.2,5.1,6.2,7.6,2.7,8.6,10.4,7.0,3.5,4.2,5.0,1.1,6.1,5.3,-1.8,-1.5,0.7,1.4
Output per Hour,France,,,,,,,4.2,2.7,4.1,5.2,2.8,6.1,5.2,3.8,3.5,6.8,5.9,5.5,7.8,3.8,8.2,6.7,6.0,9.3,8.3,7.5,5.5,3.0,4.7,8.8,2.3,3.7,5.7,3.9,3.2,1.5,3.8,6.0,5.0,3.7,5.4,1.2,1.3,4.8,5.0,3.0,2.5,3.5,3.4,6.5,4.6,1.6,5.6,5.8,4.8,7.1,1.8,4.2,5.2,4.0,4.1,5.6,2.3,-2.6,0.6,5.5,4.4,2.0,0.6,1.8
Output per Hour,Germany,,,,,,,7.0,9.2,7.2,5.2,8.5,4.4,9.5,6.4,9.2,9.3,4.8,7.2,4.0,8.8,5.9,4.1,6.1,8.3,7.1,3.2,2.1,5.9,6.1,5.4,4.5,5.9,4.4,2.1,3.8,0.6,1.7,1.3,4.1,3.9,5.2,-1.1,-1.4,4.6,5.4,3.5,2.9,1.4,1.6,8.1,1.6,0.8,6.0,-0.1,2.0,7.6,2.1,0.3,3.8,4.3,4.2,8.4,3.0,-4.3,-11.2,16.2,5.1,-0.7,-0.3,0.6
Output per Hour,Italy,,,,,,,11.7,4.0,5.0,5.3,8.9,5.5,1.9,1.7,7.6,6.3,8.1,10.8,2.7,1.0,11.4,8.6,5.0,7.9,3.6,6.5,2.0,8.2,10.0,7.9,-4.7,14.4,3.9,3.7,8.8,4.7,0.5,0.4,4.3,8.6,4.7,1.8,4.1,4.3,3.8,-0.2,0.5,4.2,1.2,8.9,4.9,0.1,1.1,-1.1,1.2,4.5,0.1,-0.2,-1.5,2.6,2.3,3.1,1.5,-1.5,-7.1,11.5,1.9,1.1,1.0,-1.4
Output per Hour,Japan,,,,,,,25.0,5.0,13.7,6.5,4.1,10.2,12.0,-6.1,17.8,17.2,13.5,5.6,8.2,13.5,4.5,9.5,12.9,11.9,14.6,12.4,6.0,9.7,9.0,2.5,2.8,6.1,4.0,4.1,8.2,1.6,3.3,3.5,0.3,2.1,9.5,0.3,4.3,4.7,5.3,7.1,5.2,1.1,1.9,1.7,6.7,4.7,3.8,1.1,3.3,6.3,-0.7,2.8,5.4,6.0,5.4,2.3,6.0,4.2,-6.3,16.0,-1.5,2.3,3.2,1.9
Output per Hour,South Korea,,,,,,,,,,#VALUE!,#VALUE!,#VALUE!,#VALUE!,#VALUE!,#VALUE!,#VALUE!,#VALUE!,#VALUE!,#VALUE!,#VALUE!,#VALUE!,#VALUE!,#VALUE!,#VALUE!,#VALUE!,#VALUE!,#VALUE!,#VALUE!,#VALUE!,#VALUE!,#VALUE!,#VALUE!,#VALUE!,#VALUE!,#VALUE!,#VALUE!,#VALUE!,#VALUE!,#VALUE!,#VALUE!,#VALUE!,4.7,8.9,7.9,9.1,13.6,15.4,9.8,10.1,9.2,11.1,12.0,13.6,11.9,11.1,7.9,-0.1,11.6,6.3,9.5,7.1,9.1,9.6,10.7,2.5,7.2,3.0,0.6,2.9,0.2
Output per Hour,Taiwan,,,,,,,,,,,,,,,,,,#VALUE!,#VALUE!,#VALUE!,#VALUE!,#VALUE!,#VALUE!,#VALUE!,#VALUE!,#VALUE!,#VALUE!,#VALUE!,#VALUE!,-2.9,6.6,8.5,6.6,12.3,3.4,6.5,20.4,2.5,9.0,1.7,-0.1,8.6,6.7,2.6,7.8,4.6,7.2,2.4,2.2,3.5,7.3,6.9,4.6,4.1,6.1,6.0,5.0,11.3,7.2,5.0,8.1,8.6,8.4,1.5,6.4,11.2,4.9,3.4,0.9,4.8
Output per Hour,United Kingdom,,,,,,,0.0,-3.9,5.1,3.1,3.4,0.0,2.5,1.8,4.1,4.5,0.1,2.1,5.3,6.6,3.0,3.3,4.6,7.8,2.3,2.1,2.6,5.9,7.0,-5.7,0.2,3.8,1.5,3.8,0.8,-3.0,4.1,6.4,6.7,4.8,2.0,3.3,6.0,5.0,4.7,3.6,6.1,7.4,4.4,3.3,-0.6,-1.2,3.4,-0.5,5.4,6.3,3.5,3.4,6.0,7.0,3.6,4.8,3.2,1.6,-1.6,5.1,3.7,-2.6,-1.0,2.1
,,,,,,,,,,,,,,,,,,,,,,,,,,,,,,,,,,,,,,,,,,,,,,,,,,,,,,,,,,,,,,,,,,,,,,,
,,,,,,,,1949-1959,1960-1969,1970-1979,1980-1990,1991-2000,2001-2007,2008-2014,,1991-1995,1996-2000,,,,,,,,,,,,,,,,,,,,,,,,,,,,,,,,,,,,,,,,,,,,,,,,,,,,,,
Output per Hour,United States,,,,,,,2.2,3.2,2.9,3.0,4.3,5.9,1.6,,3.4,5.3,,,,,,,,,,,,,,,,,,,,,,,,,,,,,,,,,,,,,,,,,,,,,,,,,,,,,,
Output per Hour,France,,,,,,,4.2,6.8,4.8,3.7,4.5,3.9,1.8,,4.1,5.0,,,,,,,,,,,,,,,,,,,,,,,,,,,,,,,,,,,,,,,,,,,,,,,,,,,,,,
Output per Hour,Germany,,,,,,,7.4,6.6,4.3,2.5,3.2,3.7,0.8,,3.1,3.2,,,,,,,,,,,,,,,,,,,,,,,,,,,,,,,,,,,,,,,,,,,,,,,,,,,,,,
Output per Hour,Italy,,,,,,,5.7,6.5,6.1,3.4,2.6,1.1,0.8,,4.0,1.2,,,,,,,,,,,,,,,,,,,,,,,,,,,,,,,,,,,,,,,,,,,,,,,,,,,,,,
Output per Hour,Japan,,,,,,,9.8,11.2,6.5,3.8,3.6,3.9,2.8,,3.3,3.8,,,,,,,,,,,,,,,,,,,,,,,,,,,,,,,,,,,,,,,,,,,,,,,,,,,,,,
Output per Hour,South Korea,,,,,,,..,..,..,..,11.2,7.6,3.9,,11.1,11.3,,,,,,,,,,,,,,,,,,,,,,,,,,,,,,,,,,,,,,,,,,,,,,,,,,,,,,
Output per Hour,Taiwan,,,,,,,..,..,..,6.4,5.0,7.7,4.7,,4.5,5.5,,,,,,,,,,,,,,,,,,,,,,,,,,,,,,,,,,,,,,,,,,,,,,,,,,,,,,
Output per Hour,United Kingdom,,,,,,,1.8,4.0,2.2,4.0,3.4,4.5,1.0,,4.1,2.7,,,,,,,,,,,,,,,,,,,,,,,,,,,,,,,,,,,,,,,,,,,,,,,,,,,,,,
,,,,,,,,,,,,,,,,,,,,,,,,,,,,,,,,,,,,,,,,,,,,,,,,,,,,,,,,,,,,,,,,,,,,,,,
,,,,,,,1950,1951,1952,1953,1954,1955,1956,1957,1958,1959,1960,1961,1962,1963,1964,1965,1966,1967,1968,1969,1970,1971,1972,1973,1974,1975,1976,1977,1978,1979,1980,1981,1982,1983,1984,1985,1986,1987,1988,1989,1990,1991,1992,1993,1994,1995,1996,1997,1998,1999,2000,2001,2002,2003,2004,2005,2006,2007,2008,2009,2010,2011,2012,2013,2014
Output per Employed Person,United States,Total Manufacturing (NAICS 31-33),C,NA,National Currency,Index: 2002 = 100,19.9,20.7,21.1,21.4,21.4,22.9,22.3,22.6,22.4,23.9,23.8,24.5,25.9,27.9,29.4,30.9,31.7,31.1,32.2,32.4,31.9,34.1,36.1,37.9,36.3,36.9,39.4,41.0,41.4,41.8,41.0,43.2,43.0,47.1,49.2,51.2,51.9,55.6,58.4,58.8,58.9,60.1,63.1,65.6,69.1,70.9,73.3,77.0,80.0,85.7,91.3,91.9,100.0,110.2,119.0,122.3,129.1,135.6,136.5,142.1,154.0,152.4,150.6,152.0,154.8
Output per Employed Person,France,Total Manufacturing (NAICS 31-33),C,NA,National Currency,Index: 2002 = 100,12.2,13.1,13.2,13.6,14.5,14.9,15.6,16.3,16.8,17.4,18.9,19.9,21.2,22.8,23.8,25.5,27.3,28.5,30.8,32.7,34.9,36.9,36.9,38.3,40.8,40.5,43.1,44.7,45.7,47.5,48.0,49.2,50.0,52.0,53.8,56.1,57.0,58.6,62.2,64.6,66.7,67.9,70.6,72.6,76.9,79.8,81.3,85.6,90.1,93.8,97.9,98.3,100.0,104.8,110.6,115.1,120.4,124.2,121.7,119.0,127.5,133.8,135.7,136.6,138.8
Output per Employed Person,Germany,Total Manufacturing (NAICS 31-33),C,NA,National Currency,Index: 2002 = 100,14.5,15.6,17.2,18.5,19.8,21.7,22.3,23.2,24.3,26.4,28.9,29.8,31.1,31.9,34.7,36.7,37.7,38.9,42.6,45.7,47.0,46.9,49.2,51.8,53.4,54.4,59.3,61.0,61.5,63.6,63.0,63.1,63.4,66.0,68.4,70.4,69.1,67.7,70.2,72.9,73.9,75.5,79.3,78.7,85.5,86.9,86.6,91.6,91.9,93.2,98.9,100.0,100.0,103.8,109.4,113.0,123.8,127.3,121.4,100.4,121.3,129.6,126.5,126.6,128.8
Output per Employed Person,Italy,Total Manufacturing (NAICS 31-33),C,NA,National Currency,Index: 2002 = 100,11.3,12.8,13.3,14.1,15.0,16.2,16.9,17.3,17.5,19.0,20.5,21.9,23.5,24.3,24.5,26.4,29.0,30.9,33.3,34.3,35.8,35.6,38.2,42.5,44.3,41.5,47.4,49.0,50.7,54.8,57.5,57.6,57.9,59.4,64.0,67.3,69.2,72.7,76.5,79.1,79.2,79.5,82.2,83.2,90.2,95.0,95.5,96.7,96.2,97.0,101.2,100.7,100.0,97.5,100.3,101.7,105.4,108.0,105.6,91.4,103.3,106.2,104.5,105.9,105.5
Output per Employed Person,Japan,Total Manufacturing (NAICS 31-33),C,NA,National Currency,Index: 2002 = 100,4.5,5.7,6.0,6.9,7.4,7.7,8.8,9.8,9.1,10.9,12.9,14.4,14.8,15.9,17.9,18.4,20.2,22.9,25.5,28.9,32.1,33.5,36.5,39.5,38.8,39.0,42.6,44.4,46.4,50.5,51.3,52.5,54.2,54.3,55.9,61.0,61.0,64.0,67.7,70.6,74.7,76.9,75.2,75.1,76.6,82.4,86.8,89.4,88.4,91.2,98.6,97.3,100.0,106.4,114.3,119.7,123.4,130.3,134.0,117.7,143.4,141.0,145.7,149.4,153.0
Output per Employed Person,South Korea,Total Manufacturing (NAICS 31-33),C,NA,National Currency,Index: 2002 = 100,NA,NA,NA,NA,NA,NA,NA,NA,NA,NA,NA,NA,NA,NA,NA,NA,NA,NA,NA,NA,NA,NA,NA,NA,NA,NA,NA,NA,NA,NA,NA,NA,NA,NA,NA,23.1,24.6,26.3,27.7,29.1,32.5,37.2,40.3,44.3,48.8,54.4,59.9,67.1,72.1,86.3,92.0,90.4,100.0,106.3,115.7,121.9,132.0,142.7,153.2,156.0,169.6,172.8,170.1,174.1,174.9
Output per Employed Person,Taiwan,Total Manufacturing (NAICS 31-33),C,NA,National Currency,Index: 2002 = 100,NA,NA,NA,NA,NA,NA,NA,NA,NA,NA,NA,NA,NA,NA,NA,NA,NA,NA,NA,NA,NA,NA,NA,23.2,21.7,23.6,25.8,27.4,30.6,31.5,33.6,38.6,39.5,43.0,44.2,42.8,47.3,50.6,51.3,54.5,56.4,60.6,62.0,63.4,65.8,70.3,75.0,78.7,80.4,85.7,90.7,88.4,100.0,107.6,114.4,122.6,132.0,143.2,143.3,147.8,173.4,178.3,183.1,184.8,192.9
Output per Employed Person,United Kingdom,Total Manufacturing (NAICS 31-33),C,NA,National Currency,Index: 2002 = 100,22.8,22.8,21.8,23.1,24.0,24.8,24.6,25.2,25.4,26.7,27.6,27.3,27.6,29.0,31.2,31.7,32.2,33.4,36.3,37.1,37.3,37.7,40.0,43.5,42.6,41.7,43.8,44.3,45.7,45.4,43.4,45.1,47.8,51.6,54.4,56.3,58.5,61.8,65.8,68.3,69.7,72.0,75.4,79.9,83.5,83.3,83.0,84.2,85.1,89.0,94.5,97.6,100.0,105.2,112.0,117.5,122.5,127.7,128.0,124.6,134.2,139.0,135.3,136.6,138.8
,,,,,,,,,,,,,,,,,,,,,,,,,,,,,,,,,,,,,,,,,,,,,,,,,,,,,,,,,,,,,,,,,,,,,,,
Output per Employed Person,United States,,,,,,,3.7,2.0,1.5,0.0,6.9,-2.6,1.6,-1.1,6.9,-0.6,2.9,6.1,7.5,5.6,4.9,2.5,-1.9,3.8,0.6,-1.8,6.9,6.0,4.8,-4.2,1.8,6.8,4.0,0.9,0.9,-1.8,5.3,-0.6,9.7,4.4,3.9,1.4,7.2,5.1,0.6,0.2,2.0,5.1,3.9,5.3,2.7,3.3,5.1,4.0,7.1,6.5,0.6,8.8,10.2,8.0,2.8,5.6,5.0,0.7,4.1,8.3,-1.0,-1.1,0.9,1.9
Output per Employed Person,France,,,,,,,7.1,1.1,3.0,6.3,2.9,4.8,4.8,2.8,3.5,8.5,5.4,6.2,7.7,4.3,7.5,6.9,4.3,8.1,6.3,6.7,5.7,0.0,3.8,6.7,-0.9,6.5,3.7,2.3,3.8,1.1,2.5,1.7,3.9,3.5,4.2,1.7,2.8,6.1,3.9,3.3,1.7,4.1,2.7,6.0,3.8,1.9,5.2,5.2,4.2,4.4,0.4,1.7,4.8,5.6,4.0,4.6,3.1,-2.0,-2.2,7.1,5.0,1.4,0.7,1.7
Output per Employed Person,Germany,,,,,,,7.7,10.1,7.8,6.9,9.6,2.8,4.1,4.6,8.9,9.4,3.0,4.4,2.7,8.7,5.6,2.8,3.3,9.6,7.3,2.7,-0.1,4.9,5.2,3.2,1.9,9.0,2.8,0.8,3.4,-0.9,0.2,0.5,4.0,3.7,3.0,-2.0,-1.9,3.7,3.8,1.4,2.1,4.9,-0.7,8.7,1.7,-0.4,5.7,0.3,1.5,6.0,1.2,0.0,3.8,5.4,3.3,9.5,2.8,-4.6,-17.3,20.9,6.8,-2.4,0.0,1.8
Output per Employed Person,Italy,,,,,,,13.3,3.6,6.0,6.6,8.1,4.3,2.5,0.8,8.9,7.9,6.9,7.3,3.2,1.0,7.7,9.8,6.5,7.9,2.9,4.5,-0.8,7.4,11.4,4.1,-6.4,14.4,3.4,3.4,8.0,5.0,0.2,0.6,2.5,7.7,5.2,2.9,5.0,5.3,3.3,0.1,0.5,3.4,1.2,8.4,5.3,0.6,1.2,-0.5,0.8,4.3,-0.5,-0.7,-2.5,2.9,1.4,3.7,2.4,-2.2,-13.4,13.1,2.8,-1.6,1.3,-0.3
Output per Employed Person,Japan,,,,,,,27.5,5.8,15.0,6.1,5.2,13.7,11.1,-6.8,19.5,18.4,11.5,3.1,7.2,12.8,2.6,10.2,13.1,11.6,13.1,11.2,4.3,9.0,8.1,-1.7,0.5,9.2,4.3,4.4,8.9,1.5,2.5,3.1,0.2,3.0,9.0,0.1,4.9,5.7,4.2,5.8,2.9,-2.1,-0.2,2.0,7.5,5.3,3.0,-1.1,3.2,8.2,-1.4,2.8,6.4,7.4,4.7,3.1,5.6,2.8,-12.1,21.8,-1.7,3.4,2.5,2.4
Output per Employed Person,South Korea,,,,,,,,,,#VALUE!,#VALUE!,#VALUE!,#VALUE!,#VALUE!,#VALUE!,#VALUE!,#VALUE!,#VALUE!,#VALUE!,#VALUE!,#VALUE!,#VALUE!,#VALUE!,#VALUE!,#VALUE!,#VALUE!,#VALUE!,#VALUE!,#VALUE!,#VALUE!,#VALUE!,#VALUE!,#VALUE!,#VALUE!,#VALUE!,#VALUE!,#VALUE!,#VALUE!,#VALUE!,#VALUE!,#VALUE!,6.6,7.1,5.2,5.0,11.8,14.3,8.5,9.9,10.2,11.3,10.2,12.1,7.4,19.6,6.7,-1.8,10.7,6.3,8.8,5.4,8.3,8.1,7.4,1.8,8.8,1.9,-1.6,2.3,0.5
Output per Employed Person,Taiwan,,,,,,,,,,,,,,,,,,#VALUE!,#VALUE!,#VALUE!,#VALUE!,#VALUE!,#VALUE!,#VALUE!,#VALUE!,#VALUE!,#VALUE!,#VALUE!,#VALUE!,-6.7,9.1,9.2,6.4,11.6,2.8,6.8,14.7,2.3,9.0,2.7,-3.0,10.5,6.8,1.4,6.2,3.7,7.3,2.4,2.3,3.7,6.8,6.6,5.0,2.1,6.6,5.8,-2.5,13.2,7.6,6.4,7.1,7.7,8.5,0.1,3.1,17.4,2.8,2.7,0.9,4.4
Output per Employed Person,United Kingdom,,,,,,,0.3,-4.7,5.9,3.9,3.7,-0.8,2.4,0.7,5.0,3.6,-1.2,1.1,5.2,7.5,1.5,1.5,3.8,8.7,2.3,0.6,1.1,5.9,8.7,-1.9,-2.2,5.2,1.1,3.0,-0.6,-4.5,4.1,5.9,8.0,5.4,3.5,3.8,5.7,6.5,3.8,2.0,3.4,4.8,6.0,4.5,-0.3,-0.4,1.5,1.1,4.5,6.1,3.3,2.5,5.2,6.4,4.9,4.3,4.2,0.3,-2.6,7.7,3.5,-2.6,0.9,1.6
,,,,,,,,,,,,,,,,,,,,,,,,,,,,,,,,,,,,,,,,,,,,,,,,,,,,,,,,,,,,,,,,,,,,,,,
,,,,,,,,1949-1959,1960-1969,1970-1979,1980-1990,1991-2000,2001-2007,2008-2014,,1991-1995,1996-2000,,,,,,,,,,,,,,,,,,,,,,,,,,,,,,,,,,,,,,,,,,,,,,,,,,,,,,
Output per Employed Person,United States,,,,,,,2.1,3.1,2.6,3.2,4.5,5.9,2.0,,3.8,5.2,,,,,,,,,,,,,,,,,,,,,,,,,,,,,,,,,,,,,,,,,,,,,,,,,,,,,,
Output per Employed Person,France,,,,,,,4.0,6.5,3.8,3.2,3.9,3.5,1.7,,3.7,4.2,,,,,,,,,,,,,,,,,,,,,,,,,,,,,,,,,,,,,,,,,,,,,,,,,,,,,,
Output per Employed Person,Germany,,,,,,,6.9,5.7,3.4,1.4,3.0,3.7,0.7,,3.3,2.6,,,,,,,,,,,,,,,,,,,,,,,,,,,,,,,,,,,,,,,,,,,,,,,,,,,,,,
Output per Employed Person,Italy,,,,,,,6.0,6.1,4.9,3.4,2.5,0.9,-0.1,,3.8,1.3,,,,,,,,,,,,,,,,,,,,,,,,,,,,,,,,,,,,,,,,,,,,,,,,,,,,,,
Output per Employed Person,Japan,,,,,,,10.8,10.3,5.8,3.7,2.9,4.1,2.7,,2.0,3.7,,,,,,,,,,,,,,,,,,,,,,,,,,,,,,,,,,,,,,,,,,,,,,,,,,,,,,
Output per Employed Person,South Korea,,,,,,,..,..,..,..,11.0,6.5,3.0,,10.8,11.2,,,,,,,,,,,,,,,,,,,,,,,,,,,,,,,,,,,,,,,,,,,,,,,,,,,,,,
Output per Employed Person,Taiwan,,,,,,,..,..,..,5.6,4.9,6.8,4.5,,4.5,5.2,,,,,,,,,,,,,,,,,,,,,,,,,,,,,,,,,,,,,,,,,,,,,,,,,,,,,,
Output per Employed Person,United Kingdom,,,,,,,1.8,3.4,2.1,4.0,3.1,4.4,1.3,,3.7,2.6,,,,,,,,,,,,,,,,,,,,,,,,,,,,,,,,,,,,,,,,,,,,,,,,,,,,,,
,,,,,,,,,,,,,,,,,,,,,,,,,,,,,,,,,,,,,,,,,,,,,,,,,,,,,,,,,,,,,,,,,,,,,,,
,,,,,,,1950,1951,1952,1953,1954,1955,1956,1957,1958,1959,1960,1961,1962,1963,1964,1965,1966,1967,1968,1969,1970,1971,1972,1973,1974,1975,1976,1977,1978,1979,1980,1981,1982,1983,1984,1985,1986,1987,1988,1989,1990,1991,1992,1993,1994,1995,1996,1997,1998,1999,2000,2001,2002,2003,2004,2005,2006,2007,2008,2009,2010,2011,2012,2013,2014
All Employed Persons,United States,Total Manufacturing (NAICS 31-33),C,NA,NA,Index: 2002 = 100,92.8,99.7,101.1,106.6,99.1,102.5,104.6,104.2,96.8,101.1,101.9,99.1,102.2,102.9,104.4,109.3,116.0,117.4,119.3,121.7,117.0,112.4,115.5,121.6,121.2,110.7,114.7,119.0,124.0,127.2,122.8,122.1,113.9,112.0,117.5,116.6,115.0,115.2,117.2,117.9,116.1,112.1,110.2,110.3,111.7,113.3,113.2,114.2,115.1,113.3,113.0,107.8,100.0,95.3,94.0,93.5,93.0,91.4,88.1,78.2,76.0,77.0,78.5,78.9,80.0
All Employed Persons,France,Total Manufacturing (NAICS 31-33),C,NA,NA,Index: 2002 = 100,129.3,132.1,130.1,127.2,127.3,128.4,130.4,133.9,134.4,131.4,132.4,133.0,133.9,136.7,139.2,137.6,138.2,137.4,134.7,138.3,141.5,143.1,144.8,147.8,149.6,146.2,145.8,145.8,144.3,141.9,140.1,135.3,132.9,130.2,125.9,122.4,120.0,117.0,115.2,115.7,116.0,114.1,110.3,105.3,102.6,102.9,102.1,101.2,101.2,100.7,101.2,101.8,100.0,98.0,94.8,92.8,91.0,90.1,89.0,84.8,81.1,80.3,79.8,78.6,77.5
All Employed Persons,Germany,Total Manufacturing (NAICS 31-33),C,NA,NA,Index: 2002 = 100,94.3,101.0,103.8,107.0,112.1,119.8,125.9,129.2,130.1,130.8,135.6,139.6,140.2,139.3,139.3,141.7,140.2,132.7,133.7,139.3,142.6,141.6,138.9,139.8,136.6,128.2,125.2,125.7,125.4,126.9,128.3,126.2,122.8,118.9,118.7,120.5,122.8,123.3,123.6,125.4,128.9,130.9,121.2,112.7,107.0,104.6,102.0,100.3,101.0,100.7,101.8,102.1,100.0,97.3,95.8,94.2,93.2,94.6,97.0,94.7,92.9,94.7,96.6,96.8,97.2
All Employed Persons,Italy,Total Manufacturing (NAICS 31-33),C,NA,NA,Index: 2002 = 100,73.0,73.6,73.9,75.4,78.2,78.9,81.5,84.8,85.9,87.6,91.6,94.5,97.5,100.6,100.9,98.5,98.0,101.2,102.5,106.0,109.5,111.3,110.7,112.8,116.6,118.1,118.5,119.9,120.2,122.1,123.8,121.1,118.8,116.0,111.3,109.4,108.6,107.2,108.7,110.0,111.2,110.6,106.7,103.0,101.4,101.0,99.7,99.3,101.0,100.3,99.6,99.5,100.0,100.6,99.6,98.7,99.5,100.1,99.1,94.2,90.7,90.0,88.3,85.4,85.4
All Employed Persons,Japan,Total Manufacturing (NAICS 31-33),C,NA,NA,Index: 2002 = 100,48.6,53.8,54.7,58.9,60.9,62.8,67.9,72.8,76.6,77.7,82.4,88.7,93.3,97.1,100.0,101.3,104.2,110.5,114.3,117.6,120.5,121.0,121.1,126.2,125.0,118.0,117.4,116.2,114.6,114.3,116.6,117.8,117.2,119.2,121.8,122.9,122.3,120.8,123.3,126.0,127.9,131.0,131.2,127.0,122.9,119.4,117.7,117.4,112.5,109.3,106.9,104.5,100.0,98.4,96.9,96.5,98.0,98.4,96.5,90.4,88.7,88.0,87.0,85.0,84.7
All Employed Persons,South Korea,Total Manufacturing (NAICS 31-33),C,NA,NA,Index: 2002 = 100,NA,NA,NA,NA,NA,NA,NA,NA,NA,NA,NA,NA,NA,NA,NA,NA,NA,NA,NA,NA,NA,NA,NA,NA,NA,NA,NA,NA,NA,NA,NA,NA,NA,NA,NA,87.7,95.4,106.9,114.9,114.0,113.8,111.8,109.2,106.3,107.6,109.1,107.3,101.2,87.1,88.3,96.3,101.3,100.0,98.8,99.6,100.0,99.5,99.8,96.4,94.2,98.5,103.0,107.1,108.1,111.8
All Employed Persons,Taiwan,Total Manufacturing (NAICS 31-33),C,NA,NA,Index: 2002 = 100,NA,NA,NA,NA,NA,NA,NA,NA,NA,NA,NA,NA,NA,NA,NA,NA,NA,NA,NA,NA,NA,NA,NA,62.8,63.6,61.7,69.4,74.8,81.2,84.7,87.5,89.3,89.4,93.8,104.0,107.5,112.3,115.9,116.2,112.2,105.0,103.0,103.6,103.1,104.9,103.4,101.5,102.7,103.1,103.7,106.0,101.3,100.0,102.3,106.1,106.9,108.3,109.6,110.3,103.3,107.6,111.8,113.0,113.7,115.8
All Employed Persons,United Kingdom,Total Manufacturing (NAICS 31-33),C,NA,NA,Index: 2002 = 100,199.4,204.3,203.8,206.5,209.3,214.5,215.8,215.8,212.3,214.0,223.2,226.3,224.3,220.7,224.1,227.0,227.6,220.6,218.5,221.5,221.1,216.2,208.6,209.8,211.2,201.1,194.8,196.1,191.5,192.2,183.9,165.7,156.4,147.9,145.5,144.5,141.0,139.9,140.9,141.1,138.2,127.0,121.1,116.0,116.2,118.3,119.7,120.0,119.1,114.5,110.4,105.2,100.0,94.5,90.5,86.2,84.5,81.6,79.1,73.6,71.6,70.4,71.3,70.6,71.1
,,,,,,,,,,,,,,,,,,,,,,,,,,,,,,,,,,,,,,,,,,,,,,,,,,,,,,,,,,,,,,,,,,,,,,,
All Employed Persons,United States,,,,,,,7.4,1.4,5.4,-7.0,3.4,2.1,-0.4,-7.1,4.5,0.7,-2.8,3.1,0.7,1.5,4.7,6.1,1.2,1.6,2.0,-3.9,-3.9,2.8,5.2,-0.4,-8.6,3.6,3.7,4.2,2.6,-3.5,-0.5,-6.7,-1.7,4.9,-0.8,-1.4,0.2,1.8,0.6,-1.5,-3.5,-1.7,0.1,1.3,1.4,-0.1,0.9,0.8,-1.6,-0.3,-4.6,-7.2,-4.7,-1.4,-0.5,-0.6,-1.7,-3.6,-11.2,-2.8,1.3,1.9,0.5,1.4
All Employed Persons,France,,,,,,,2.2,-1.5,-2.3,0.1,0.9,1.6,2.7,0.3,-2.2,0.7,0.4,0.7,2.1,1.8,-1.1,0.4,-0.6,-1.9,2.7,2.3,1.1,1.2,2.1,1.2,-2.3,-0.3,0.0,-1.0,-1.6,-1.3,-3.4,-1.8,-2.0,-3.3,-2.8,-2.0,-2.5,-1.6,0.4,0.3,-1.6,-3.3,-4.6,-2.5,0.3,-0.8,-0.9,0.0,-0.4,0.5,0.6,-1.7,-2.0,-3.3,-2.1,-1.9,-1.1,-1.2,-4.6,-4.4,-0.9,-0.6,-1.4,-1.4
All Employed Persons,Germany,,,,,,,7.1,2.8,3.1,4.8,6.8,5.1,2.7,0.7,0.5,3.7,2.9,0.4,-0.7,0.0,1.8,-1.1,-5.4,0.7,4.2,2.4,-0.6,-1.9,0.6,-2.3,-6.1,-2.3,0.4,-0.3,1.2,1.1,-1.6,-2.7,-3.1,-0.2,1.5,1.9,0.4,0.2,1.5,2.8,1.6,-7.4,-7.0,-5.1,-2.2,-2.5,-1.6,0.6,-0.3,1.2,0.3,-2.1,-2.7,-1.6,-1.7,-1.0,1.5,2.5,-2.4,-1.9,2.0,2.0,0.2,0.4
All Employed Persons,Italy,,,,,,,0.8,0.4,2.0,3.7,0.8,3.3,4.1,1.3,1.9,4.7,3.1,3.2,3.2,0.3,-2.4,-0.6,3.3,1.3,3.4,3.3,1.7,-0.5,1.9,3.4,1.3,0.4,1.1,0.3,1.5,1.4,-2.2,-1.8,-2.4,-4.0,-1.8,-0.7,-1.3,1.4,1.1,1.1,-0.5,-3.5,-3.5,-1.5,-0.5,-1.3,-0.4,1.8,-0.7,-0.7,-0.1,0.5,0.6,-1.0,-0.9,0.9,0.6,-1.0,-4.9,-3.7,-0.7,-1.9,-3.3,0.0
All Employed Persons,Japan,,,,,,,10.8,1.8,7.7,3.4,3.0,8.2,7.1,5.2,1.5,6.0,7.7,5.2,4.0,3.0,1.3,2.9,6.0,3.5,2.9,2.4,0.4,0.1,4.2,-1.0,-5.6,-0.5,-1.0,-1.4,-0.2,1.9,1.1,-0.5,1.7,2.2,1.0,-0.5,-1.3,2.1,2.1,1.5,2.4,0.2,-3.2,-3.2,-2.9,-1.4,-0.3,-4.2,-2.8,-2.2,-2.2,-4.3,-1.6,-1.5,-0.4,1.6,0.4,-1.9,-6.4,-1.9,-0.8,-1.0,-2.3,-0.4
All Employed Persons,South Korea,,,,,,,,,,#VALUE!,#VALUE!,#VALUE!,#VALUE!,#VALUE!,#VALUE!,#VALUE!,#VALUE!,#VALUE!,#VALUE!,#VALUE!,#VALUE!,#VALUE!,#VALUE!,#VALUE!,#VALUE!,#VALUE!,#VALUE!,#VALUE!,#VALUE!,#VALUE!,#VALUE!,#VALUE!,#VALUE!,#VALUE!,#VALUE!,#VALUE!,#VALUE!,#VALUE!,#VALUE!,#VALUE!,#VALUE!,8.8,12.1,7.5,-0.7,-0.2,-1.7,-2.3,-2.7,1.2,1.4,-1.7,-5.7,-13.9,1.3,9.1,5.2,-1.2,-1.2,0.8,0.4,-0.5,0.3,-3.4,-2.2,4.5,4.6,4.0,0.9,3.5
All Employed Persons,Taiwan,,,,,,,,,,,,,,,,,,#VALUE!,#VALUE!,#VALUE!,#VALUE!,#VALUE!,#VALUE!,#VALUE!,#VALUE!,#VALUE!,#VALUE!,#VALUE!,#VALUE!,1.3,-3.1,12.5,7.8,8.7,4.2,3.3,2.0,0.1,4.9,10.9,3.3,4.5,3.2,0.3,-3.4,-6.4,-1.9,0.5,-0.5,1.8,-1.4,-1.9,1.2,0.3,0.7,2.2,-4.5,-1.3,2.3,3.7,0.7,1.2,1.2,0.6,-6.3,4.2,4.0,1.0,0.6,1.9
All Employed Persons,United Kingdom,,,,,,,2.5,-0.3,1.3,1.3,2.5,0.6,0.0,-1.6,0.8,4.3,1.4,-0.9,-1.6,1.5,1.3,0.3,-3.1,-0.9,1.4,-0.2,-2.2,-3.5,0.5,0.7,-4.8,-3.2,0.7,-2.4,0.4,-4.3,-9.9,-5.6,-5.4,-1.6,-0.7,-2.4,-0.8,0.7,0.2,-2.0,-8.2,-4.6,-4.2,0.2,1.8,1.2,0.3,-0.7,-3.8,-3.6,-4.7,-4.9,-5.5,-4.2,-4.7,-2.0,-3.4,-3.1,-6.9,-2.8,-1.6,1.4,-1.0,0.6
,,,,,,,,,,,,,,,,,,,,,,,,,,,,,,,,,,,,,,,,,,,,,,,,,,,,,,,,,,,,,,,,,,,,,,,
,,,,,,,,1949-1959,1960-1969,1970-1979,1980-1990,1991-2000,2001-2007,2008-2014,,1991-1995,1996-2000,,,,,,,,,,,,,,,,,,,,,,,,,,,,,,,,,,,,,,,,,,,,,,,,,,,,,,
All Employed Persons,United States,,,,,,,1.1,1.9,0.5,-0.8,-0.3,-3.0,-1.8,,-0.5,0.0,,,,,,,,,,,,,,,,,,,,,,,,,,,,,,,,,,,,,,,,,,,,,,,,,,,,,,
All Employed Persons,France,,,,,,,0.2,0.5,0.3,-1.8,-1.3,-1.6,-2.1,,-2.3,-0.3,,,,,,,,,,,,,,,,,,,,,,,,,,,,,,,,,,,,,,,,,,,,,,,,,,,,,,
All Employed Persons,Germany,,,,,,,3.7,0.7,-0.9,0.2,-2.3,-1.0,0.4,,-4.0,-0.5,,,,,,,,,,,,,,,,,,,,,,,,,,,,,,,,,,,,,,,,,,,,,,,,,,,,,,
All Employed Persons,Italy,,,,,,,2.0,2.0,1.4,-0.8,-1.1,0.1,-2.2,,-1.9,-0.3,,,,,,,,,,,,,,,,,,,,,,,,,,,,,,,,,,,,,,,,,,,,,,,,,,,,,,
All Employed Persons,Japan,,,,,,,5.4,4.3,-0.3,1.0,-1.8,-1.2,-2.1,,-1.3,-2.2,,,,,,,,,,,,,,,,,,,,,,,,,,,,,,,,,,,,,,,,,,,,,,,,,,,,,,
All Employed Persons,South Korea,,,,,,,..,..,..,..,-1.5,0.5,1.7,,-0.8,-2.2,,,,,,,,,,,,,,,,,,,,,,,,,,,,,,,,,,,,,,,,,,,,,,,,,,,,,,
All Employed Persons,Taiwan,,,,,,,..,..,..,2.1,0.1,0.5,0.8,,-0.3,0.5,,,,,,,,,,,,,,,,,,,,,,,,,,,,,,,,,,,,,,,,,,,,,,,,,,,,,,
All Employed Persons,United Kingdom,,,,,,,0.8,0.4,-1.4,-2.9,-2.2,-4.2,-1.9,,-3.0,-1.3,,,,,,,,,,,,,,,,,,,,,,,,,,,,,,,,,,,,,,,,,,,,,,,,,,,,,,
,,,,,,,,,,,,,,,,,,,,,,,,,,,,,,,,,,,,,,,,,,,,,,,,,,,,,,,,,,,,,,,,,,,,,,,
Hours worked of all employed persons,United States,Total Manufacturing (NAICS 31-33),C,NA,NA,Index: 2002 = 100,94.9,102.2,103.5,108.8,99.5,104.9,106.5,104.8,96.1,102.6,102.2,99.6,103.7,104.7,107.0,113.2,120.6,119.8,121.6,123.1,115.8,111.6,116.6,122.5,119.8,107.9,113.1,117.8,122.7,125.1,119.3,118.7,108.7,109.8,116.9,116.1,114.3,115.2,118.7,119.4,116.4,111.6,111.0,112.5,115.1,115.9,115.6,117.7,117.4,116.6,115.1,107.6,100.0,95.1,94.6,93.5,94.2,92.6,88.9,77.4,77.4,79.0,80.8,81.4,82.9
Hours worked of all employed persons,France,Total Manufacturing (NAICS 31-33),C,NA,NA,Index: 2002 = 100,173.4,182.0,176.5,170.7,172.6,174.2,174.8,178.8,177.7,173.8,177.9,177.9,180.4,184.1,188.4,185.1,186.1,182.1,176.5,177.9,180.7,183.1,179.8,182.2,180.8,171.1,175.3,172.0,167.6,165.9,163.3,155.7,146.7,142.1,137.1,131.9,129.8,128.4,127.9,127.2,127.9,124.8,121.3,115.0,111.6,111.1,110.5,109.1,108.6,107.4,105.2,104.3,100.0,97.6,95.8,93.7,91.1,90.9,90.3,83.7,81.3,80.9,79.9,78.8,77.6
Hours worked of all employed persons,Germany,Total Manufacturing (NAICS 31-33),C,NA,NA,Index: 2002 = 100,137.0,147.5,152.9,158.6,168.9,182.2,188.5,184.1,182.3,182.6,189.4,191.5,187.4,183.8,183.7,186.3,181.9,167.5,170.7,178.1,181.4,176.2,171.2,170.9,163.5,149.6,150.5,148.8,146.5,147.7,147.0,142.6,137.6,133.2,132.7,131.9,133.2,133.0,132.2,132.2,133.2,134.2,128.6,116.8,111.4,109.0,105.0,103.0,104.2,103.3,103.1,102.4,100.0,97.4,96.8,94.4,94.3,95.6,97.7,88.8,90.6,93.9,94.1,94.6,96.1
Hours worked of all employed persons,Italy,Total Manufacturing (NAICS 31-33),C,NA,NA,Index: 2002 = 100,83.5,85.4,85.4,88.0,92.4,92.5,94.4,98.8,99.2,102.3,108.6,110.8,110.7,114.8,115.1,108.7,109.3,114.4,115.9,119.1,120.7,119.4,117.9,121.5,121.3,120.7,121.1,121.9,121.9,122.9,124.9,121.8,119.8,114.9,109.4,107.9,108.4,107.9,110.4,111.2,112.8,112.1,107.3,103.6,101.6,101.4,100.6,100.3,102.7,101.6,100.7,100.0,100.0,99.5,98.8,97.0,98.4,99.8,98.0,86.9,84.9,84.9,81.1,78.6,79.4
Hours worked of all employed persons,Japan,Total Manufacturing (NAICS 31-33),C,NA,NA,Index: 2002 = 100,56.9,64.3,66.0,71.8,74.0,77.1,86.0,91.5,95.6,98.4,105.3,111.4,114.4,117.9,120.7,120.0,124.1,131.8,136.0,138.1,140.0,138.3,137.5,142.1,135.0,124.6,127.5,126.6,125.2,125.8,128.1,128.5,127.4,129.5,133.5,134.1,133.1,132.3,136.4,137.9,138.3,138.6,134.5,127.4,123.7,121.0,120.0,118.8,111.4,108.1,107.5,104.4,100.0,99.3,99.1,98.2,100.5,100.5,97.2,85.4,87.9,87.0,87.0,84.4,84.5
Hours worked of all employed persons,South Korea,Total Manufacturing (NAICS 31-33),C,NA,NA,Index: 2002 = 100,NA,NA,NA,NA,NA,NA,NA,NA,NA,NA,NA,NA,NA,NA,NA,NA,NA,NA,NA,NA,NA,NA,NA,NA,NA,NA,NA,NA,NA,NA,NA,NA,NA,NA,NA,99.3,109.9,121.1,127.0,121.4,119.2,116.0,112.0,108.8,111.1,113.0,109.3,101.7,84.0,91.6,98.8,102.2,100.0,98.7,98.9,97.7,96.5,95.6,89.5,86.9,92.1,95.3,96.9,97.3,101.0
Hours worked of all employed persons,Taiwan,Total Manufacturing (NAICS 31-33),C,NA,NA,Index: 2002 = 100,NA,NA,NA,NA,NA,NA,NA,NA,NA,NA,NA,NA,NA,NA,NA,NA,NA,NA,NA,NA,NA,NA,NA,75.5,73.5,72.9,82.5,88.8,95.9,99.4,102.9,100.1,100.0,104.9,117.5,117.7,125.2,129.3,128.0,121.8,113.0,111.0,111.4,111.0,113.3,111.1,108.9,110.6,108.8,110.1,112.4,99.6,100.0,102.7,107.9,107.7,108.1,109.5,108.6,98.7,108.4,110.4,110.8,111.5,113.2
Hours worked of all employed persons,United Kingdom,Total Manufacturing (NAICS 31-33),C,NA,NA,Index: 2002 = 100,220.1,226.2,223.8,228.5,233.2,239.7,239.1,238.9,232.3,236.2,244.5,244.6,239.8,235.8,241.4,241.1,237.5,228.4,228.1,231.2,227.3,218.9,211.2,215.8,225.9,209.9,206.0,206.7,200.4,198.3,186.8,168.3,158.1,151.3,149.8,151.0,148.1,146.5,149.7,148.6,143.4,128.3,119.4,116.0,117.5,120.1,122.5,120.5,121.6,115.9,111.5,106.1,100.0,93.8,89.3,86.1,84.1,82.0,78.4,72.2,72.0,70.6,71.6,72.2,72.4
,,,,,,,,,,,,,,,,,,,,,,,,,,,,,,,,,,,,,,,,,,,,,,,,,,,,,,,,,,,,,,,,,,,,,,,
Hours worked of all employed persons,United States,,,,,,,7.7,1.3,5.1,-8.6,5.5,1.5,-1.6,-8.3,6.7,-0.4,-2.6,4.1,1.0,2.1,5.8,6.5,-0.6,1.5,1.2,-5.9,-3.7,4.5,5.1,-2.2,-9.9,4.8,4.2,4.2,2.0,-4.6,-0.5,-8.4,1.0,6.5,-0.7,-1.5,0.8,3.0,0.6,-2.5,-4.2,-0.5,1.3,2.3,0.7,-0.2,1.8,-0.2,-0.7,-1.3,-6.6,-7.0,-4.9,-0.5,-1.2,0.8,-1.7,-4.0,-12.9,0.0,2.1,2.3,0.7,1.9
Hours worked of all employed persons,France,,,,,,,5.0,-3.0,-3.3,1.1,1.0,0.3,2.3,-0.6,-2.2,2.3,0.0,1.4,2.1,2.3,-1.8,0.6,-2.2,-3.1,0.8,1.5,1.4,-1.8,1.3,-0.8,-5.3,2.4,-1.9,-2.5,-1.0,-1.6,-4.7,-5.8,-3.1,-3.5,-3.8,-1.5,-1.1,-0.4,-0.6,0.6,-2.5,-2.8,-5.2,-3.0,-0.5,-0.5,-1.3,-0.5,-1.0,-2.1,-0.8,-4.1,-2.4,-1.8,-2.2,-2.7,-0.3,-0.7,-7.3,-2.9,-0.4,-1.3,-1.4,-1.5
Hours worked of all employed persons,Germany,,,,,,,7.7,3.7,3.7,6.5,7.9,3.5,-2.4,-1.0,0.2,3.7,1.1,-2.2,-1.9,-0.1,1.5,-2.4,-7.9,2.0,4.3,1.8,-2.8,-2.8,-0.2,-4.3,-8.5,0.6,-1.1,-1.5,0.9,-0.5,-3.0,-3.5,-3.2,-0.4,-0.6,1.0,-0.2,-0.6,0.0,0.8,0.8,-4.2,-9.2,-4.6,-2.2,-3.6,-1.9,1.1,-0.8,-0.3,-0.7,-2.3,-2.6,-0.5,-2.5,0.0,1.3,2.2,-9.1,2.1,3.6,0.3,0.5,1.6
Hours worked of all employed persons,Italy,,,,,,,2.3,0.0,3.0,5.0,0.1,2.1,4.7,0.4,3.1,6.2,2.0,-0.1,3.7,0.3,-5.6,0.6,4.7,1.3,2.7,1.4,-1.1,-1.2,3.1,-0.2,-0.5,0.4,0.6,0.0,0.8,1.7,-2.5,-1.6,-4.1,-4.8,-1.3,0.4,-0.5,2.4,0.7,1.4,-0.6,-4.3,-3.5,-2.0,-0.2,-0.8,-0.3,2.4,-1.1,-0.9,-0.7,0.0,-0.5,-0.8,-1.8,1.4,1.5,-1.8,-11.4,-2.4,0.1,-4.5,-3.1,1.1
Hours worked of all employed persons,Japan,,,,,,,13.0,2.6,8.9,3.0,4.1,11.7,6.3,4.4,3.0,7.0,5.8,2.7,3.1,2.3,-0.6,3.5,6.2,3.1,1.6,1.4,-1.2,-0.6,3.3,-5.0,-7.7,2.4,-0.7,-1.1,0.5,1.9,0.3,-0.9,1.7,3.0,0.5,-0.7,-0.7,3.2,1.0,0.3,0.2,-3.0,-5.3,-2.9,-2.1,-0.8,-1.0,-6.3,-3.0,-0.5,-2.9,-4.3,-0.7,-0.2,-1.0,2.4,0.0,-3.3,-12.2,3.0,-1.1,0.0,-3.0,0.1
Hours worked of all employed persons,South Korea,,,,,,,,,,#VALUE!,#VALUE!,#VALUE!,#VALUE!,#VALUE!,#VALUE!,#VALUE!,#VALUE!,#VALUE!,#VALUE!,#VALUE!,#VALUE!,#VALUE!,#VALUE!,#VALUE!,#VALUE!,#VALUE!,#VALUE!,#VALUE!,#VALUE!,#VALUE!,#VALUE!,#VALUE!,#VALUE!,#VALUE!,#VALUE!,#VALUE!,#VALUE!,#VALUE!,#VALUE!,#VALUE!,#VALUE!,10.7,10.2,4.8,-4.4,-1.8,-2.7,-3.4,-2.9,2.1,1.7,-3.2,-7.0,-17.4,9.0,7.9,3.4,-2.1,-1.3,0.2,-1.2,-1.2,-1.0,-6.3,-2.9,6.0,3.4,1.7,0.4,3.7
Hours worked of all employed persons,Taiwan,,,,,,,,,,,,,,,,,,#VALUE!,#VALUE!,#VALUE!,#VALUE!,#VALUE!,#VALUE!,#VALUE!,#VALUE!,#VALUE!,#VALUE!,#VALUE!,#VALUE!,-2.7,-0.8,13.2,7.6,8.0,3.6,3.6,-2.8,-0.1,4.9,12.0,0.2,6.3,3.3,-0.9,-4.8,-7.3,-1.8,0.4,-0.4,2.1,-1.9,-2.1,1.6,-1.6,1.2,2.1,-11.4,0.4,2.7,5.1,-0.2,0.4,1.3,-0.8,-9.2,9.9,1.8,0.4,0.6,1.5
Hours worked of all employed persons,United Kingdom,,,,,,,2.8,-1.1,2.1,2.1,2.8,-0.2,-0.1,-2.7,1.7,3.5,0.0,-1.9,-1.7,2.4,-0.1,-1.5,-3.8,-0.1,1.4,-1.7,-3.7,-3.5,2.2,4.7,-7.1,-1.9,0.4,-3.1,-1.0,-5.8,-9.9,-6.0,-4.3,-1.0,0.8,-1.9,-1.1,2.1,-0.7,-3.6,-10.5,-6.9,-2.8,1.3,2.2,2.0,-1.6,0.8,-4.6,-3.8,-4.9,-5.7,-6.2,-4.8,-3.6,-2.4,-2.4,-4.3,-7.9,-0.4,-1.8,1.3,0.9,0.2
,,,,,,,,,,,,,,,,,,,,,,,,,,,,,,,,,,,,,,,,,,,,,,,,,,,,,,,,,,,,,,,,,,,,,,,
,,,,,,,,1949-1959,1960-1969,1970-1979,1980-1990,1991-2000,2001-2007,2008-2014,,1991-1995,1996-2000,,,,,,,,,,,,,,,,,,,,,,,,,,,,,,,,,,,,,,,,,,,,,,,,,,,,,,
Hours worked of all employed persons,United States,,,,,,,1.0,1.9,0.3,-0.6,-0.1,-3.0,-1.4,,-0.1,-0.1,,,,,,,,,,,,,,,,,,,,,,,,,,,,,,,,,,,,,,,,,,,,,,,,,,,,,,
Hours worked of all employed persons,France,,,,,,,0.1,0.3,-0.7,-2.3,-1.9,-2.1,-2.2,,-2.8,-1.1,,,,,,,,,,,,,,,,,,,,,,,,,,,,,,,,,,,,,,,,,,,,,,,,,,,,,,
Hours worked of all employed persons,Germany,,,,,,,3.3,-0.2,-1.8,-0.9,-2.5,-1.1,0.2,,-3.9,-1.1,,,,,,,,,,,,,,,,,,,,,,,,,,,,,,,,,,,,,,,,,,,,,,,,,,,,,,
Hours worked of all employed persons,Italy,,,,,,,2.3,1.6,0.3,-0.8,-1.1,-0.1,-3.1,,-2.1,-0.1,,,,,,,,,,,,,,,,,,,,,,,,,,,,,,,,,,,,,,,,,,,,,,,,,,,,,,
Hours worked of all employed persons,Japan,,,,,,,6.3,3.5,-0.9,0.9,-2.5,-0.9,-2.3,,-2.6,-2.3,,,,,,,,,,,,,,,,,,,,,,,,,,,,,,,,,,,,,,,,,,,,,,,,,,,,,,
Hours worked of all employed persons,South Korea,,,,,,,..,..,..,..,-1.6,-0.5,0.9,,-1.0,-2.1,,,,,,,,,,,,,,,,,,,,,,,,,,,,,,,,,,,,,,,,,,,,,,,,,,,,,,
Hours worked of all employed persons,Taiwan,,,,,,,..,..,..,1.3,0.0,-0.2,0.6,,-0.3,0.2,,,,,,,,,,,,,,,,,,,,,,,,,,,,,,,,,,,,,,,,,,,,,,,,,,,,,,
Hours worked of all employed persons,United Kingdom,,,,,,,0.8,-0.2,-1.5,-2.8,-2.4,-4.3,-1.7,,-3.4,-1.4,,,,,,,,,,,,,,,,,,,,,,,,,,,,,,,,,,,,,,,,,,,,,,,,,,,,,,
,,,,,,,,,,,,,,,,,,,,,,,,,,,,,,,,,,,,,,,,,,,,,,,,,,,,,,,,,,,,,,,,,,,,,,,
"Real hourly compensation, CPI deflated",United States,Total Manufacturing (NAICS 31-33),C,NA,National Currency,Index: 2002 = 100,41.8,42.6,44.4,46.5,48.4,50.5,52.9,54.3,55.2,56.7,58.2,59.3,60.8,61.9,63.7,64.0,65.0,66.7,68.8,70.0,70.8,72.0,73.3,74.4,74.4,76.3,78.3,79.9,80.7,81.0,81.6,81.8,84.6,83.5,82.9,84.6,86.8,86.3,86.5,85.8,85.8,87.3,89.6,88.6,88.1,87.7,87.9,89.1,92.2,94.4,98.2,98.4,100.0,103.1,104.0,104.4,103.6,104.8,103.6,107.5,107.1,105.7,105.3,104.4,104.7
"Real hourly compensation, CPI deflated",France,Total Manufacturing (NAICS 31-33),C,NA,National Currency,Index: 2002 = 100,12.5,13.4,14.7,15.6,16.6,17.8,19.7,20.9,20.9,21.6,22.6,24.0,25.1,26.6,27.9,29.7,30.8,32.9,36.1,38.6,40.9,43.0,45.7,48.7,51.0,55.8,56.6,59.1,61.2,62.3,62.7,64.0,67.6,69.4,71.1,73.3,75.2,76.1,77.2,78.5,79.5,81.5,83.1,84.5,86.0,87.1,86.9,89.0,89.6,92.3,95.1,96.3,100.0,100.8,101.5,103.2,105.6,105.9,105.4,109.5,112.1,112.3,113.8,114.3,116.0
"Real hourly compensation, CPI deflated",Germany,Total Manufacturing (NAICS 31-33),C,NA,National Currency,Index: 2002 = 100,9.5,10.3,10.6,11.4,11.9,12.8,13.6,15.0,15.8,17.1,19.0,20.7,23.2,24.0,25.4,27.1,28.4,29.5,31.2,33.5,38.0,40.4,42.3,44.6,47.4,49.3,50.8,53.5,55.9,57.6,59.4,59.4,59.8,60.7,61.9,64.4,67.2,70.0,72.2,73.8,77.4,79.4,83.6,86.0,88.0,91.2,93.2,93.4,94.0,96.7,99.7,100.0,100.0,101.3,100.4,101.0,101.9,101.5,100.4,104.7,104.3,103.3,104.6,106.0,106.9
"Real hourly compensation, CPI deflated",Italy,Total Manufacturing (NAICS 31-33),C,NA,National Currency,Index: 2002 = 100,17.5,17.5,18.1,19.1,18.0,19.1,19.9,20.6,20.9,21.6,23.0,25.0,28.1,30.8,31.4,31.8,33.4,35.4,37.3,40.0,46.4,51.0,52.6,56.3,61.5,65.0,69.6,71.2,71.9,75.8,73.2,74.6,74.5,76.3,79.6,81.9,82.5,85.0,87.0,90.2,91.3,93.4,94.4,94.0,95.2,95.8,97.8,100.2,97.8,98.8,98.8,99.7,100.0,100.9,102.5,103.4,103.2,104.5,105.2,109.1,111.0,110.7,110.4,111.5,113.2
"Real hourly compensation, CPI deflated",Japan,Total Manufacturing (NAICS 31-33),C,NA,National Currency,Index: 2002 = 100,12.5,13.6,14.9,14.7,15.2,16.0,16.6,16.9,17.3,19.1,20.3,22.5,24.1,25.1,27.3,28.8,30.2,32.5,35.9,40.5,45.1,48.9,53.7,58.8,62.6,65.2,64.2,65.5,66.9,68.7,67.8,69.3,70.7,71.3,71.8,73.0,75.6,77.9,79.1,82.0,85.0,87.6,89.2,90.5,91.7,94.8,95.4,96.4,97.8,98.0,97.9,99.0,100.0,98.2,97.0,96.9,95.1,94.8,96.8,98.5,97.9,100.7,100.2,101.2,100.9
"Real hourly compensation, CPI deflated",South Korea,Total Manufacturing (NAICS 31-33),C,NA,National Currency,Index: 2002 = 100,NA,NA,NA,NA,NA,NA,NA,NA,NA,NA,NA,NA,NA,NA,NA,NA,NA,NA,NA,NA,NA,NA,NA,NA,NA,NA,NA,NA,NA,NA,NA,NA,NA,NA,NA,26.4,27.9,30.4,35.5,38.8,42.5,48.9,53.7,59.6,65.0,74.9,83.3,87.4,89.5,89.6,92.4,91.9,100.0,101.2,111.6,122.4,129.2,136.7,151.4,150.8,154.9,153.8,156.3,158.5,156.6
"Real hourly compensation, CPI deflated",Taiwan,Total Manufacturing (NAICS 31-33),C,NA,National Currency,Index: 2002 = 100,NA,NA,NA,NA,NA,NA,NA,NA,NA,NA,NA,NA,NA,NA,NA,NA,NA,NA,NA,NA,NA,NA,NA,25.8,25.7,26.1,28.5,29.2,31.0,33.4,34.4,38.0,40.3,41.4,44.2,47.5,53.0,57.7,61.4,66.6,73.3,77.7,79.6,81.9,82.5,86.2,89.0,91.1,92.5,94.2,94.7,100.8,100.0,103.4,105.0,108.7,114.6,113.8,112.9,110.1,110.9,116.1,115.8,115.7,116.6
"Real hourly compensation, CPI deflated",United Kingdom,Total Manufacturing (NAICS 31-33),C,NA,National Currency,Index: 2002 = 100,23.3,23.2,23.3,23.8,24.7,25.4,26.3,27.0,27.9,28.6,29.8,30.8,31.1,31.8,32.9,34.3,35.7,36.6,37.6,38.7,41.9,42.6,46.0,47.9,46.1,50.7,50.3,49.2,54.1,56.6,57.1,59.2,60.2,61.3,62.9,64.1,66.9,72.1,73.0,73.1,75.1,81.5,79.4,82.2,82.3,81.6,81.7,85.6,88.5,91.7,93.9,97.5,100.0,104.0,106.9,108.5,113.9,111.2,113.6,118.1,115.9,114.7,113.7,113.7,114.4
,,,,,,,,,,,,,,,,,,,,,,,,,,,,,,,,,,,,,,,,,,,,,,,,,,,,,,,,,,,,,,,,,,,,,,,
"Real hourly compensation, CPI deflated",United States,,,,,,,2.0,4.3,4.6,4.2,4.2,4.8,2.6,1.8,2.6,2.7,1.8,2.6,1.8,2.9,0.5,1.5,2.6,3.2,1.7,1.2,1.7,1.8,1.4,0.0,2.7,2.5,2.1,1.1,0.3,0.7,0.3,3.4,-1.4,-0.7,2.0,2.6,-0.5,0.2,-0.9,0.1,1.8,2.6,-1.1,-0.5,-0.5,0.3,1.3,3.5,2.4,4.0,0.2,1.6,3.1,1.0,0.4,-0.8,1.1,-1.1,3.8,-0.3,-1.4,-0.3,-0.8,0.2
"Real hourly compensation, CPI deflated",France,,,,,,,6.9,9.8,6.4,6.5,7.0,10.8,6.2,0.0,3.5,4.3,6.4,4.5,5.9,4.9,6.5,3.9,6.7,9.6,7.0,6.1,5.1,6.2,6.7,4.6,9.5,1.4,4.5,3.5,1.8,0.6,2.1,5.7,2.6,2.5,3.0,2.6,1.2,1.4,1.8,1.3,2.5,2.0,1.7,1.7,1.3,-0.2,2.4,0.6,3.0,3.1,1.3,3.8,0.8,0.7,1.7,2.3,0.3,-0.5,3.9,2.4,0.2,1.3,0.5,1.4
"Real hourly compensation, CPI deflated",Germany,,,,,,,8.6,3.3,7.5,4.8,7.5,6.3,9.7,5.6,8.3,10.8,9.3,12.0,3.3,6.0,6.5,5.0,3.6,5.8,7.5,13.4,6.3,4.8,5.5,6.3,3.9,3.1,5.3,4.4,3.0,3.2,0.0,0.7,1.4,2.1,4.0,4.3,4.3,3.2,2.2,4.8,2.6,5.4,2.8,2.4,3.6,2.2,0.3,0.6,2.8,3.1,0.3,0.0,1.3,-0.9,0.6,0.9,-0.4,-1.1,4.3,-0.4,-0.9,1.3,1.4,0.8
"Real hourly compensation, CPI deflated",Italy,,,,,,,0.1,3.4,5.3,-5.8,6.2,4.0,3.7,1.4,3.5,6.3,8.9,12.2,9.7,2.0,1.4,4.9,6.1,5.3,7.1,15.9,10.1,3.1,7.1,9.3,5.6,7.2,2.2,1.0,5.5,-3.4,1.8,-0.1,2.4,4.4,2.9,0.7,3.0,2.3,3.7,1.2,2.3,1.1,-0.3,1.3,0.6,2.1,2.4,-2.4,1.1,0.0,0.9,0.3,0.9,1.6,0.9,-0.2,1.3,0.6,3.8,1.8,-0.3,-0.3,1.0,1.5
"Real hourly compensation, CPI deflated",Japan,,,,,,,8.8,8.9,-0.8,2.9,5.3,3.6,2.1,2.4,10.3,6.4,10.6,7.2,4.3,8.6,5.4,4.8,7.6,10.7,12.7,11.3,8.4,10.0,9.3,6.5,4.2,-1.6,2.1,2.1,2.7,-1.3,2.3,2.0,0.9,0.6,1.7,3.5,3.0,1.6,3.6,3.6,3.1,1.9,1.4,1.3,3.5,0.6,1.1,1.4,0.2,0.0,1.1,1.0,-1.8,-1.2,-0.1,-1.9,-0.3,2.1,1.7,-0.5,2.8,-0.4,1.0,-0.3
"Real hourly compensation, CPI deflated",South Korea,,,,,,,,,,#VALUE!,#VALUE!,#VALUE!,#VALUE!,#VALUE!,#VALUE!,#VALUE!,#VALUE!,#VALUE!,#VALUE!,#VALUE!,#VALUE!,#VALUE!,#VALUE!,#VALUE!,#VALUE!,#VALUE!,#VALUE!,#VALUE!,#VALUE!,#VALUE!,#VALUE!,#VALUE!,#VALUE!,#VALUE!,#VALUE!,#VALUE!,#VALUE!,#VALUE!,#VALUE!,#VALUE!,#VALUE!,5.7,9.0,16.6,9.3,9.6,15.2,9.8,10.9,9.1,15.1,11.3,4.9,2.4,0.1,3.2,-0.6,8.9,1.2,10.3,9.7,5.6,5.8,10.8,-0.4,2.7,-0.7,1.6,1.4,-1.3
"Real hourly compensation, CPI deflated",Taiwan,,,,,,,,,,,,,,,,,,#VALUE!,#VALUE!,#VALUE!,#VALUE!,#VALUE!,#VALUE!,#VALUE!,#VALUE!,#VALUE!,#VALUE!,#VALUE!,#VALUE!,-0.5,1.7,9.1,2.2,6.4,7.8,3.0,10.3,6.1,2.8,6.7,7.5,11.6,8.8,6.5,8.5,10.1,5.9,2.4,2.9,0.7,4.5,3.3,2.3,1.5,1.9,0.6,6.4,-0.8,3.4,1.6,3.5,5.4,-0.7,-0.7,-2.5,0.8,4.7,-0.3,-0.1,0.8
"Real hourly compensation, CPI deflated",United Kingdom,,,,,,,-0.4,0.7,2.1,3.8,2.8,3.5,2.5,3.5,2.5,4.2,3.4,0.8,2.5,3.3,4.4,4.1,2.5,2.7,3.0,8.1,1.7,8.1,4.1,-3.9,10.0,-0.8,-2.0,9.9,4.7,0.8,3.6,1.7,1.9,2.6,1.8,4.5,7.7,1.2,0.2,2.7,8.5,-2.5,3.5,0.1,-0.8,0.0,4.9,3.4,3.6,2.4,3.9,2.5,4.0,2.8,1.5,5.0,-2.3,2.1,4.0,-1.9,-1.1,-0.8,0.0,0.6
,,,,,,,,,,,,,,,,,,,,,,,,,,,,,,,,,,,,,,,,,,,,,,,,,,,,,,,,,,,,,,,,,,,,,,,
,,,,,,,,1949-1959,1960-1969,1970-1979,1980-1990,1991-2000,2001-2007,2008-2014,,1991-1995,1996-2000,,,,,,,,,,,,,,,,,,,,,,,,,,,,,,,,,,,,,,,,,,,,,,,,,,,,,,
"Real hourly compensation, CPI deflated",United States,,,,,,,3.5,2.1,1.5,0.5,1.4,0.9,0.0,,0.4,2.3,,,,,,,,,,,,,,,,,,,,,,,,,,,,,,,,,,,,,,,,,,,,,,,,,,,,,,
"Real hourly compensation, CPI deflated",France,,,,,,,6.3,6.0,4.9,2.3,1.8,1.6,1.3,,1.8,1.8,,,,,,,,,,,,,,,,,,,,,,,,,,,,,,,,,,,,,,,,,,,,,,,,,,,,,,
"Real hourly compensation, CPI deflated",Germany,,,,,,,6.8,7.0,5.6,2.7,2.6,0.3,0.8,,3.4,1.8,,,,,,,,,,,,,,,,,,,,,,,,,,,,,,,,,,,,,,,,,,,,,,,,,,,,,,
"Real hourly compensation, CPI deflated",Italy,,,,,,,2.4,6.4,6.7,1.7,0.8,0.8,1.1,,1.0,0.6,,,,,,,,,,,,,,,,,,,,,,,,,,,,,,,,,,,,,,,,,,,,,,,,,,,,,,
"Real hourly compensation, CPI deflated",Japan,,,,,,,4.8,7.8,5.5,2.0,1.4,-0.4,0.9,,2.2,0.6,,,,,,,,,,,,,,,,,,,,,,,,,,,,,,,,,,,,,,,,,,,,,,,,,,,,,,
"Real hourly compensation, CPI deflated",South Korea,,,,,,,..,..,..,..,8.2,5.8,2.0,,12.0,4.4,,,,,,,,,,,,,,,,,,,,,,,,,,,,,,,,,,,,,,,,,,,,,,,,,,,,,,
"Real hourly compensation, CPI deflated",Taiwan,,,,,,,..,..,..,7.4,2.6,2.7,0.4,,3.3,1.9,,,,,,,,,,,,,,,,,,,,,,,,,,,,,,,,,,,,,,,,,,,,,,,,,,,,,,
"Real hourly compensation, CPI deflated",United Kingdom,,,,,,,2.3,3.1,4.0,2.6,2.3,2.5,0.4,,1.8,2.9,,,,,,,,,,,,,,,,,,,,,,,,,,,,,,,,,,,,,,,,,,,,,,,,,,,,,,
,,,,,,,,,,,,,,,,,,,,,,,,,,,,,,,,,,,,,,,,,,,,,,,,,,,,,,,,,,,,,,,,,,,,,,,
"Real average annual compensation per employed person, CPI deflated",United States,Total Manufacturing (NAICS 31-33),C,NA,National Currency,Index: 2002 = 100,42.7,43.7,45.5,47.5,48.6,51.7,53.9,54.6,54.9,57.5,58.4,59.6,61.7,63.0,65.2,66.3,67.5,68.0,70.1,70.8,70.1,71.5,74.0,74.9,73.5,74.4,77.1,79.1,79.9,79.6,79.3,79.5,80.7,81.8,82.5,84.1,86.3,86.3,87.6,86.9,86.0,86.9,90.2,90.3,90.8,89.7,89.9,91.8,94.0,97.1,100.0,98.2,100.0,102.9,104.7,104.4,105.0,106.2,104.6,106.4,109.1,108.4,108.5,107.7,108.5
"Real average annual compensation per employed person, CPI deflated",France,Total Manufacturing (NAICS 31-33),C,NA,National Currency,Index: 2002 = 100,16.8,18.4,19.9,20.9,22.5,24.1,26.4,27.9,27.6,28.6,30.3,32.1,33.8,35.8,37.8,39.9,41.6,43.6,47.2,49.6,52.3,55.1,56.7,60.0,61.6,65.4,68.1,69.8,71.1,72.8,73.0,73.6,74.6,75.7,77.4,78.9,81.3,83.5,85.8,86.4,87.7,89.1,91.4,92.4,93.5,94.0,94.1,96.0,96.2,98.4,98.8,98.8,100.0,100.4,102.7,104.3,105.8,106.9,107.0,108.1,112.4,113.2,113.9,114.5,116.0
"Real average annual compensation per employed person, CPI deflated",Germany,Total Manufacturing (NAICS 31-33),C,NA,National Currency,Index: 2002 = 100,13.7,15.0,15.6,16.9,18.0,19.5,20.4,21.3,22.1,23.9,26.5,28.5,31.0,31.7,33.5,35.6,36.9,37.2,39.8,42.8,48.3,50.2,52.1,54.5,56.8,57.5,61.1,63.3,65.3,67.0,68.1,67.1,67.1,67.9,69.2,70.5,72.8,75.5,77.3,77.8,79.9,81.4,88.7,89.1,91.7,95.0,95.9,96.0,97.0,99.2,100.9,100.3,100.0,101.4,101.5,101.2,103.1,102.5,101.1,98.2,101.7,102.4,101.9,103.7,105.8
"Real average annual compensation per employed person, CPI deflated",Italy,Total Manufacturing (NAICS 31-33),C,NA,National Currency,Index: 2002 = 100,20.0,20.3,20.9,22.3,21.2,22.4,23.0,24.0,24.1,25.3,27.2,29.3,31.9,35.1,35.8,35.1,37.3,40.1,42.2,44.9,51.1,54.7,56.0,60.7,64.0,66.4,71.2,72.4,72.9,76.3,73.9,75.0,75.1,75.6,78.3,80.9,82.3,85.5,88.3,91.2,92.6,94.6,94.9,94.6,95.4,96.2,98.7,101.2,99.4,100.1,99.9,100.2,100.0,99.9,101.7,101.7,101.9,104.2,104.0,100.6,103.9,104.4,101.4,102.7,105.3
"Real average annual compensation per employed person, CPI deflated",Japan,Total Manufacturing (NAICS 31-33),C,NA,National Currency,Index: 2002 = 100,14.7,16.3,17.9,18.0,18.4,19.6,21.0,21.2,21.6,24.2,26.0,28.2,29.5,30.5,33.0,34.1,35.9,38.7,42.7,47.5,52.4,55.8,61.0,66.2,67.6,68.9,69.7,71.4,73.1,75.6,74.5,75.6,76.8,77.5,78.7,79.7,82.3,85.3,87.5,89.7,91.9,92.7,91.4,90.8,92.2,96.1,97.2,97.6,96.8,96.9,98.5,99.0,100.0,99.1,99.2,98.5,97.5,96.8,97.5,93.0,97.1,99.6,100.2,100.5,100.7
"Real average annual compensation per employed person, CPI deflated",South Korea,Total Manufacturing (NAICS 31-33),C,NA,National Currency,Index: 2002 = 100,NA,NA,NA,NA,NA,NA,NA,NA,NA,NA,NA,NA,NA,NA,NA,NA,NA,NA,NA,NA,NA,NA,NA,NA,NA,NA,NA,NA,NA,NA,NA,NA,NA,NA,NA,29.9,32.2,34.5,39.2,41.2,44.5,50.7,55.1,61.0,67.1,77.5,84.8,87.8,86.3,92.9,94.8,92.7,100.0,101.1,110.9,119.6,125.4,130.9,140.6,139.1,144.9,142.3,141.5,142.8,141.3
"Real average annual compensation per employed person, CPI deflated",Taiwan,Total Manufacturing (NAICS 31-33),C,NA,National Currency,Index: 2002 = 100,NA,NA,NA,NA,NA,NA,NA,NA,NA,NA,NA,NA,NA,NA,NA,NA,NA,NA,NA,NA,NA,NA,NA,31.1,29.7,30.9,33.9,34.6,36.6,39.2,40.5,42.6,45.0,46.3,49.9,52.0,59.0,64.3,67.6,72.3,78.9,83.6,85.6,88.2,89.0,92.6,95.5,98.0,97.6,100.0,100.4,99.1,100.0,103.7,106.8,109.4,114.5,113.7,111.2,105.1,111.8,114.7,113.6,113.5,114.0
"Real average annual compensation per employed person, CPI deflated",United Kingdom,Total Manufacturing (NAICS 31-33),C,NA,National Currency,Index: 2002 = 100,25.7,25.7,25.6,26.4,27.5,28.4,29.1,29.8,30.6,31.6,32.6,33.3,33.2,34.0,35.4,36.5,37.3,37.9,39.3,40.4,43.0,43.1,46.6,49.3,49.3,52.9,53.2,51.9,56.6,58.5,58.0,60.1,60.8,62.7,64.8,67.0,70.3,75.5,77.5,77.0,77.9,82.3,78.3,82.2,83.2,82.9,83.6,86.0,90.3,92.8,94.9,98.4,100.0,103.2,105.5,108.4,113.3,111.7,112.6,116.0,116.6,115.1,114.1,116.2,116.5
,,,,,,,,,,,,,,,,,,,,,,,,,,,,,,,,,,,,,,,,,,,,,,,,,,,,,,,,,,,,,,,,,,,,,,,
"Real average annual compensation per employed person, CPI deflated",United States,,,,,,,2.3,4.2,4.3,2.4,6.3,4.2,1.3,0.5,4.8,1.6,2.0,3.6,2.0,3.6,1.6,1.8,0.8,3.1,0.9,-0.9,1.9,3.5,1.2,-1.9,1.2,3.7,2.5,1.1,-0.4,-0.5,0.4,1.5,1.3,0.8,2.0,2.6,0.0,1.4,-0.8,-1.0,1.1,3.8,0.1,0.6,-1.2,0.2,2.2,2.4,3.3,3.0,-1.8,1.8,2.9,1.8,-0.3,0.6,1.1,-1.5,1.8,2.5,-0.6,0.1,-0.7,0.7
"Real average annual compensation per employed person, CPI deflated",France,,,,,,,9.8,8.1,5.2,7.6,7.1,9.4,5.8,-1.0,3.5,6.0,6.0,5.3,5.9,5.4,5.8,4.1,5.0,8.3,5.0,5.4,5.3,3.0,5.8,2.6,6.1,4.1,2.5,1.9,2.4,0.3,0.8,1.4,1.5,2.2,1.9,3.0,2.7,2.7,0.7,1.6,1.6,2.6,1.0,1.3,0.5,0.0,2.1,0.1,2.3,0.4,-0.1,1.3,0.4,2.3,1.6,1.4,1.0,0.1,1.0,4.0,0.7,0.7,0.5,1.3
"Real average annual compensation per employed person, CPI deflated",Germany,,,,,,,9.2,4.1,8.2,6.5,8.5,4.7,4.4,3.8,8.0,10.8,7.4,9.1,2.0,5.9,6.2,3.6,0.8,7.1,7.6,12.8,4.0,3.8,4.6,4.2,1.3,6.1,3.7,3.1,2.6,1.6,-1.4,-0.1,1.3,1.9,1.8,3.3,3.7,2.3,0.7,2.7,1.8,9.0,0.4,2.9,3.6,1.0,0.0,1.1,2.3,1.7,-0.6,-0.3,1.4,0.1,-0.3,1.9,-0.6,-1.4,-2.9,3.6,0.7,-0.4,1.7,2.0
"Real average annual compensation per employed person, CPI deflated",Italy,,,,,,,1.6,3.0,6.3,-4.6,5.4,2.8,4.3,0.5,4.7,7.8,7.7,8.6,10.2,2.0,-2.0,6.1,7.6,5.3,6.4,13.8,7.0,2.3,8.3,5.5,3.7,7.2,1.7,0.8,4.7,-3.2,1.5,0.1,0.7,3.5,3.3,1.8,3.9,3.3,3.3,1.5,2.2,0.3,-0.3,0.8,0.9,2.6,2.5,-1.8,0.7,-0.2,0.3,-0.2,-0.1,1.8,0.0,0.3,2.2,-0.2,-3.3,3.2,0.6,-2.9,1.3,2.6
"Real average annual compensation per employed person, CPI deflated",Japan,,,,,,,11.0,9.8,0.4,2.5,6.5,7.0,1.3,1.7,11.9,7.5,8.6,4.7,3.4,7.9,3.4,5.4,7.7,10.4,11.2,10.2,6.6,9.3,8.4,2.2,1.8,1.3,2.4,2.4,3.3,-1.4,1.5,1.6,0.9,1.5,1.2,3.3,3.7,2.6,2.6,2.4,0.9,-1.3,-0.7,1.6,4.2,1.1,0.4,-0.8,0.1,1.7,0.5,1.0,-0.9,0.1,-0.7,-1.1,-0.7,0.7,-4.6,4.4,2.5,0.6,0.3,0.2
"Real average annual compensation per employed person, CPI deflated",South Korea,,,,,,,,,,#VALUE!,#VALUE!,#VALUE!,#VALUE!,#VALUE!,#VALUE!,#VALUE!,#VALUE!,#VALUE!,#VALUE!,#VALUE!,#VALUE!,#VALUE!,#VALUE!,#VALUE!,#VALUE!,#VALUE!,#VALUE!,#VALUE!,#VALUE!,#VALUE!,#VALUE!,#VALUE!,#VALUE!,#VALUE!,#VALUE!,#VALUE!,#VALUE!,#VALUE!,#VALUE!,#VALUE!,#VALUE!,7.6,7.2,13.7,5.2,7.8,14.1,8.6,10.7,10.1,15.4,9.5,3.5,-1.7,7.7,2.1,-2.3,7.9,1.1,9.6,7.9,4.8,4.4,7.5,-1.1,4.2,-1.8,-0.6,0.9,-1.0
"Real average annual compensation per employed person, CPI deflated",Taiwan,,,,,,,,,,,,,,,,,,#VALUE!,#VALUE!,#VALUE!,#VALUE!,#VALUE!,#VALUE!,#VALUE!,#VALUE!,#VALUE!,#VALUE!,#VALUE!,#VALUE!,-4.4,4.0,9.8,2.0,5.7,7.1,3.3,5.1,5.8,2.8,7.8,4.3,13.5,8.9,5.1,6.9,9.1,6.0,2.4,3.0,1.0,4.0,3.1,2.6,-0.4,2.4,0.4,-1.3,0.9,3.7,2.9,2.5,4.6,-0.7,-2.2,-5.5,6.3,2.6,-0.9,-0.1,0.4
"Real average annual compensation per employed person, CPI deflated",United Kingdom,,,,,,,-0.1,-0.1,2.9,4.5,3.1,2.6,2.4,2.4,3.3,3.4,2.1,-0.3,2.4,4.1,2.9,2.3,1.7,3.5,3.0,6.4,0.2,8.1,5.8,0.0,7.3,0.5,-2.3,9.1,3.2,-0.8,3.6,1.2,3.1,3.2,3.4,5.0,7.4,2.6,-0.6,1.1,5.7,-4.9,5.0,1.2,-0.4,0.8,2.9,5.0,2.7,2.3,3.7,1.7,3.2,2.2,2.8,4.5,-1.4,0.8,2.9,0.5,-1.3,-0.9,1.9,0.2
,,,,,,,,,,,,,,,,,,,,,,,,,,,,,,,,,,,,,,,,,,,,,,,,,,,,,,,,,,,,,,,,,,,,,,,
,,,,,,,,1949-1959,1960-1969,1970-1979,1980-1990,1991-2000,2001-2007,2008-2014,,1991-1995,1996-2000,,,,,,,,,,,,,,,,,,,,,,,,,,,,,,,,,,,,,,,,,,,,,,,,,,,,,,
"Real average annual compensation per employed person, CPI deflated",United States,,,,,,,3.4,2.1,1.2,0.7,1.5,0.9,0.3,,0.9,2.2,,,,,,,,,,,,,,,,,,,,,,,,,,,,,,,,,,,,,,,,,,,,,,,,,,,,,,
"Real average annual compensation per employed person, CPI deflated",France,,,,,,,6.2,5.7,3.9,1.7,1.2,1.1,1.2,,1.4,1.0,,,,,,,,,,,,,,,,,,,,,,,,,,,,,,,,,,,,,,,,,,,,,,,,,,,,,,
"Real average annual compensation per employed person, CPI deflated",Germany,,,,,,,6.4,6.1,4.6,1.6,2.4,0.2,0.5,,3.6,1.2,,,,,,,,,,,,,,,,,,,,,,,,,,,,,,,,,,,,,,,,,,,,,,,,,,,,,,
"Real average annual compensation per employed person, CPI deflated",Italy,,,,,,,2.7,6.0,5.5,1.8,0.8,0.6,0.2,,0.8,0.8,,,,,,,,,,,,,,,,,,,,,,,,,,,,,,,,,,,,,,,,,,,,,,,,,,,,,,
"Real average annual compensation per employed person, CPI deflated",Japan,,,,,,,5.8,7.0,4.8,1.8,0.7,-0.2,0.6,,0.9,0.5,,,,,,,,,,,,,,,,,,,,,,,,,,,,,,,,,,,,,,,,,,,,,,,,,,,,,,
"Real average annual compensation per employed person, CPI deflated",South Korea,,,,,,,..,..,..,..,8.0,4.8,1.2,,11.8,4.2,,,,,,,,,,,,,,,,,,,,,,,,,,,,,,,,,,,,,,,,,,,,,,,,,,,,,,
"Real average annual compensation per employed person, CPI deflated",Taiwan,,,,,,,..,..,..,6.6,2.5,1.8,0.1,,3.3,1.6,,,,,,,,,,,,,,,,,,,,,,,,,,,,,,,,,,,,,,,,,,,,,,,,,,,,,,
"Real average annual compensation per employed person, CPI deflated",United Kingdom,,,,,,,2.3,2.5,3.8,2.7,2.0,2.4,0.6,,1.3,2.7,,,,,,,,,,,,,,,,,,,,,,,,,,,,,,,,,,,,,,,,,,,,,,,,,,,,,,
,,,,,,,,,,,,,,,,,,,,,,,,,,,,,,,,,,,,,,,,,,,,,,,,,,,,,,,,,,,,,,,,,,,,,,,
,,,,,,,1950,1951,1952,1953,1954,1955,1956,1957,1958,1959,1960,1961,1962,1963,1964,1965,1966,1967,1968,1969,1970,1971,1972,1973,1974,1975,1976,1977,1978,1979,1980,1981,1982,1983,1984,1985,1986,1987,1988,1989,1990,1991,1992,1993,1994,1995,1996,1997,1998,1999,2000,2001,2002,2003,2004,2005,2006,2007,2008,2009,2010,2011,2012,2013,2014
Unit labor cost (national curr),United States,Total Manufacturing (NAICS 31-33),C,NA,National Currency,Index: 2002 = 100,31.4,33.4,34.9,36.2,37.2,36.9,40.1,41.3,43.2,42.7,44.3,44.4,43.9,42.2,41.9,41.2,42.2,44.5,46.1,48.8,52.1,51.8,52.2,53.5,60.9,66.1,67.8,71.2,76.2,82.4,92.9,97.0,105.0,101.0,101.6,103.1,106.2,102.5,102.5,105.4,109.4,112.3,113.7,112.2,109.5,107.8,107.4,106.7,106.5,104.9,104.9,105.2,100.0,95.4,92.4,92.7,91.1,90.3,91.6,89.3,85.9,88.9,91.9,91.8,92.2
Unit labor cost (national curr),France,Total Manufacturing (NAICS 31-33),C,NA,National Currency,Index: 2002 = 100,9.4,11.3,13.5,13.7,13.8,14.5,15.5,16.2,17.9,19.0,19.2,19.9,20.7,21.3,22.2,22.4,22.4,23.2,24.2,24.9,25.8,27.1,29.7,32.5,35.6,42.6,45.7,49.5,53.8,58.8,66.2,73.7,82.2,88.0,93.4,96.8,100.7,103.8,103.0,103.5,105.2,108.7,110.1,110.9,108.1,106.8,107.0,105.0,100.5,99.3,97.4,98.4,100.0,97.8,96.9,96.5,94.9,94.5,99.3,102.9,101.5,99.5,100.9,102.0,102.2
Unit labor cost (national curr),Germany,Total Manufacturing (NAICS 31-33),C,NA,National Currency,Index: 2002 = 100,22.7,24.8,24.0,23.6,23.6,23.7,24.8,25.4,25.8,25.7,26.5,28.3,29.9,30.6,30.5,31.7,33.0,32.8,32.6,33.3,37.9,41.5,43.2,46.1,49.6,52.3,53.1,55.5,58.3,60.3,65.2,68.2,71.4,71.8,72.3,72.9,76.8,81.4,81.3,81.1,84.3,87.1,94.1,98.6,95.9,99.3,102.0,98.4,100.1,101.5,98.7,98.9,100.0,98.8,95.3,93.5,88.3,87.4,92.7,109.2,94.6,91.0,94.7,97.7,98.8
Unit labor cost (national curr),Italy,Total Manufacturing (NAICS 31-33),C,NA,National Currency,Index: 2002 = 100,6.0,5.9,6.1,6.3,6.2,6.2,6.3,6.4,6.6,6.4,6.5,6.6,7.1,8.2,8.6,8.3,8.1,8.5,8.4,8.9,10.2,11.5,11.7,12.6,15.2,19.7,21.5,24.7,27.1,30.1,33.6,40.1,46.6,52.4,55.8,59.9,62.8,65.0,66.9,71.2,76.8,83.1,84.8,87.3,84.5,85.3,90.5,93.4,94.1,95.5,93.7,97.1,100.0,105.2,106.4,107.0,105.7,107.4,113.3,127.6,118.3,119.0,120.8,122.3,126.2
Unit labor cost (national curr),Japan,Total Manufacturing (NAICS 31-33),C,NA,National Currency,Index: 2002 = 100,41.1,42.0,46.2,42.6,43.9,44.1,41.8,39.2,42.5,40.2,37.9,38.9,42.1,43.4,43.0,46.3,46.6,46.2,48.0,49.7,52.6,57.4,60.2,67.5,86.3,97.8,99.3,105.4,107.9,106.1,111.1,115.3,116.9,119.7,120.8,114.4,118.8,117.4,114.8,115.5,115.1,116.5,119.5,120.4,120.6,116.8,112.3,111.4,112.4,108.7,101.5,102.6,100.0,92.9,86.6,81.8,78.7,74.1,73.6,78.8,67.0,69.7,67.9,66.6,67.0
Unit labor cost (national curr),South Korea,Total Manufacturing (NAICS 31-33),C,NA,National Currency,Index: 2002 = 100,NA,NA,NA,NA,NA,NA,NA,NA,NA,NA,NA,NA,NA,NA,NA,NA,NA,NA,NA,NA,8.1,8.6,9.5,11.4,14.0,16.0,20.5,23.9,27.8,34.0,43.5,50.3,54.1,56.8,57.7,57.2,59.4,61.2,70.8,75.0,78.7,85.8,91.1,96.2,102.2,110.7,115.2,111.1,108.6,98.2,95.8,99.3,100.0,98.5,102.4,107.1,105.7,104.5,109.0,108.6,106.9,107.2,111.0,111.2,111.2
Unit labor cost (national curr),Taiwan,Total Manufacturing (NAICS 31-33),C,NA,National Currency,Index: 2002 = 100,NA,NA,NA,NA,NA,NA,NA,NA,NA,NA,NA,NA,NA,NA,NA,NA,NA,NA,NA,NA,27.0,28.1,28.1,32.7,49.5,49.6,51.2,52.5,52.6,60.2,69.3,73.8,78.6,75.1,78.8,84.6,87.5,89.7,94.3,99.0,108.5,111.2,116.1,120.4,122.0,123.1,122.7,121.0,120.0,115.5,110.9,112.4,100.0,96.2,94.5,92.6,90.4,84.3,85.3,77.5,70.9,71.7,70.5,70.4,68.5
Unit labor cost (national curr),United Kingdom,Total Manufacturing (NAICS 31-33),C,NA,National Currency,Index: 2002 = 100,5.3,5.8,6.7,6.7,6.8,7.1,7.7,8.0,8.4,8.3,8.3,8.9,9.2,9.1,9.1,9.7,10.1,10.2,10.1,10.8,12.1,13.1,14.4,15.3,18.1,24.6,27.4,30.7,35.1,41.4,50.7,56.5,58.6,58.6,60.2,63.8,66.8,70.7,71.5,73.7,80.0,86.6,81.6,82.1,81.5,84.2,87.3,91.3,98.1,97.9,97.1,99.1,100.0,101.0,99.8,100.6,104.0,102.6,107.3,112.8,110.2,110.5,116.1,120.8,121.9
,,,,,,,,,,,,,,,,,,,,,,,,,,,,,,,,,,,,,,,,,,,,,,,,,,,,,,,,,,,,,,,,,,,,,,,
Unit labor cost (national curr),United States,,,,,,,6.4,4.5,3.6,2.7,-0.8,8.7,3.1,4.5,-1.0,3.7,0.2,-1.2,-3.9,-0.7,-1.6,2.4,5.6,3.5,5.8,6.8,-0.5,0.8,2.5,13.8,8.4,2.6,5.0,7.1,8.2,12.7,4.3,8.3,-3.8,0.6,1.5,3.0,-3.5,0.0,2.8,3.7,2.6,1.3,-1.3,-2.5,-1.5,-0.4,-0.7,-0.2,-1.5,0.0,0.3,-5.0,-4.6,-3.1,0.3,-1.7,-1.0,1.5,-2.5,-3.9,3.6,3.3,-0.1,0.5
Unit labor cost (national curr),France,,,,,,,19.9,19.4,1.2,1.2,5.2,6.5,4.3,10.8,6.1,1.1,3.8,3.7,2.9,4.4,0.8,0.1,3.3,4.2,3.0,3.7,5.2,9.5,9.4,9.5,19.8,7.3,8.1,8.8,9.1,12.6,11.5,11.5,7.1,6.1,3.6,4.0,3.0,-0.7,0.5,1.7,3.3,1.3,0.7,-2.5,-1.3,0.2,-1.8,-4.3,-1.2,-1.9,1.0,1.6,-2.2,-1.0,-0.5,-1.6,-0.5,5.1,3.6,-1.4,-2.0,1.4,1.1,0.2
Unit labor cost (national curr),Germany,,,,,,,9.2,-3.4,-1.4,0.0,0.4,4.6,2.2,1.5,-0.2,3.0,6.9,5.8,2.4,-0.3,3.7,4.2,-0.5,-0.7,2.1,13.8,9.5,4.3,6.5,7.8,5.4,1.5,4.6,5.1,3.4,8.1,4.6,4.6,0.6,0.7,0.9,5.3,6.0,-0.1,-0.3,4.0,3.4,8.0,4.8,-2.7,3.6,2.7,-3.5,1.8,1.4,-2.7,0.2,1.1,-1.2,-3.5,-1.9,-5.6,-1.0,6.0,17.8,-13.3,-3.8,4.0,3.2,1.1
Unit labor cost (national curr),Italy,,,,,,,-1.7,3.7,2.3,-1.2,-0.6,2.3,1.7,3.3,-3.8,1.7,2.5,6.4,15.4,5.5,-3.8,-2.1,5.1,-1.1,6.0,14.3,13.0,1.7,7.5,20.6,29.4,9.1,15.1,9.7,11.2,11.6,19.3,16.1,12.5,6.6,7.3,4.8,3.5,3.0,6.3,7.9,8.2,2.1,3.0,-3.2,0.9,6.1,3.3,0.7,1.5,-1.9,3.6,3.0,5.2,1.2,0.5,-1.2,1.7,5.5,12.6,-7.3,0.6,1.6,1.2,3.1
Unit labor cost (national curr),Japan,,,,,,,2.1,10.0,-7.8,3.0,0.6,-5.4,-6.3,8.5,-5.3,-5.7,2.6,8.2,3.2,-0.9,7.7,0.7,-0.8,3.9,3.5,5.9,9.1,4.9,12.1,27.9,13.3,1.5,6.1,2.4,-1.7,4.7,3.8,1.3,2.4,0.9,-5.3,3.9,-1.2,-2.2,0.6,-0.3,1.2,2.5,0.8,0.2,-3.2,-3.9,-0.7,0.9,-3.3,-6.6,1.1,-2.6,-7.1,-6.8,-5.4,-3.8,-5.9,-0.7,7.1,-14.9,4.0,-2.7,-1.9,0.6
Unit labor cost (national curr),South Korea,,,,,,,,,,,,,,,,,,,,,,,,,,,6.6,10.3,19.2,23.4,13.8,28.4,16.6,16.4,22.5,27.9,15.6,7.4,5.1,1.5,-0.8,3.9,2.9,15.8,5.8,5.0,9.0,6.2,5.6,6.2,8.3,4.1,-3.6,-2.2,-9.6,-2.4,3.6,0.7,-1.5,4.0,4.6,-1.4,-1.1,4.3,-0.3,-1.6,0.3,3.6,0.1,0.0
Unit labor cost (national curr),Taiwan,,,,,,,,,,,,,,,,,,,,,,,,,,,4.4,-0.2,16.5,51.1,0.3,3.1,2.6,0.2,14.4,15.1,6.6,6.5,-4.4,4.9,7.4,3.4,2.5,5.0,5.1,9.6,2.4,4.5,3.6,1.3,0.9,-0.3,-1.4,-0.8,-3.8,-3.9,1.3,-11.0,-3.8,-1.7,-2.1,-2.3,-6.8,1.2,-9.1,-8.5,1.2,-1.7,-0.2,-2.7
Unit labor cost (national curr),United Kingdom,,,,,,,8.7,14.4,0.1,2.4,3.9,8.6,3.7,4.7,-1.0,0.8,6.9,2.8,-0.7,0.0,6.3,4.7,0.5,-0.3,6.1,12.6,8.4,9.2,6.3,18.3,36.3,11.4,11.9,14.6,17.8,22.6,11.4,3.8,-0.1,2.8,6.0,4.6,5.9,1.1,3.2,8.5,8.2,-5.8,0.6,-0.7,3.3,3.7,4.6,7.4,-0.2,-0.8,2.2,0.9,1.0,-1.1,0.7,3.4,-1.3,4.5,5.2,-2.3,0.3,5.0,4.1,0.9
,,,,,,,,,,,,,,,,,,,,,,,,,,,,,,,,,,,,,,,,,,,,,,,,,,,,,,,,,,,,,,,,,,,,,,,
,,,,,,,,1949-1959,1960-1969,1970-1979,1980-1990,1991-2000,2001-2007,2008-2014,,1991-1995,1996-2000,,,,,,,,,,,,,,,,,,,,,,,,,,,,,,,,,,,,,,,,,,,,,,,,,,,,,,
Unit labor cost (national curr),United States,,,,,,,3.5,1.4,5.5,2.7,-0.4,-2.1,0.3,,-0.3,-0.6,,,,,,,,,,,,,,,,,,,,,,,,,,,,,,,,,,,,,,,,,,,,,,,,,,,,,,
Unit labor cost (national curr),France,,,,,,,8.3,2.7,9.1,5.5,-0.7,-0.4,1.2,,0.3,-1.8,,,,,,,,,,,,,,,,,,,,,,,,,,,,,,,,,,,,,,,,,,,,,,,,,,,,,,
Unit labor cost (national curr),Germany,,,,,,,1.4,2.6,6.2,3.1,1.7,-1.7,2.2,,3.4,-0.1,,,,,,,,,,,,,,,,,,,,,,,,,,,,,,,,,,,,,,,,,,,,,,,,,,,,,,
Unit labor cost (national curr),Italy,,,,,,,0.7,3.6,13.2,9.0,2.1,2.0,2.5,,2.2,1.9,,,,,,,,,,,,,,,,,,,,,,,,,,,,,,,,,,,,,,,,,,,,,,,,,,,,,,
Unit labor cost (national curr),Japan,,,,,,,-0.1,2.2,8.2,0.8,-1.2,-4.4,-1.2,,0.3,-2.7,,,,,,,,,,,,,,,,,,,,,,,,,,,,,,,,,,,,,,,,,,,,,,,,,,,,,,
Unit labor cost (national curr),South Korea,,,,,,,,,17.5,8.2,2.2,1.3,0.9,,7.1,-2.7,,,,,,,,,,,,,,,,,,,,,,,,,,,,,,,,,,,,,,,,,,,,,,,,,,,,,,
Unit labor cost (national curr),Taiwan,,,,,,,,,10.3,5.6,0.3,-3.8,-2.8,,2.6,-2.0,,,,,,,,,,,,,,,,,,,,,,,,,,,,,,,,,,,,,,,,,,,,,,,,,,,,,,
Unit labor cost (national curr),United Kingdom,,,,,,,5.1,2.7,14.7,6.3,2.0,0.8,2.5,,1.1,2.9,,,,,,,,,,,,,,,,,,,,,,,,,,,,,,,,,,,,,,,,,,,,,,,,,,,,,,
,,,,,,,,,,,,,,,,,,,,,,,,,,,,,,,,,,,,,,,,,,,,,,,,,,,,,,,,,,,,,,,,,,,,,,,
Unit labor cost (US dollar),United States,Total Manufacturing (NAICS 31-33),C,NA,US Dollars,Index: 2002 = 100,31.4,33.4,34.9,36.2,37.2,36.9,40.1,41.3,43.2,42.7,44.3,44.4,43.9,42.2,41.9,41.2,42.2,44.5,46.1,48.8,52.1,51.8,52.2,53.5,60.9,66.1,67.8,71.2,76.2,82.4,92.9,97.0,105.0,101.0,101.6,103.1,106.2,102.5,102.5,105.4,109.4,112.3,113.7,112.2,109.5,107.8,107.4,106.7,106.5,104.9,104.9,105.2,100.0,95.4,92.4,92.7,91.1,90.3,91.6,89.3,85.9,88.9,91.9,91.8,92.2
Unit labor cost (US dollar),France,Total Manufacturing (NAICS 31-33),C,NA,US Dollars,Index: 2002 = 100,18.8,22.5,26.9,27.2,27.5,29.0,30.9,31.1,29.7,26.8,27.1,28.1,29.2,30.1,31.4,31.6,31.7,32.7,34.1,33.4,32.4,34.1,41.1,50.9,51.6,69.3,66.4,70.3,83.2,96.3,109.1,94.6,87.2,80.5,74.5,75.1,101.4,120.3,120.5,113.1,134.7,134.3,145.0,136.5,135.8,149.1,145.7,125.4,118.8,112.4,95.3,93.6,100.0,117.3,127.8,127.5,126.5,137.4,154.6,151.9,142.9,146.9,137.7,143.9,144.0
Unit labor cost (US dollar),Germany,Total Manufacturing (NAICS 31-33),C,NA,US Dollars,Index: 2002 = 100,11.3,12.3,11.9,11.7,11.7,11.7,12.3,12.5,12.7,12.7,13.1,14.6,15.5,15.9,15.9,16.5,17.1,17.1,16.9,17.5,21.5,24.6,28.2,35.8,39.9,44.2,43.8,49.7,60.4,68.4,74.5,62.7,61.1,58.4,52.8,51.5,73.5,94.1,96.2,89.6,108.4,109.1,125.2,123.9,122.8,144.0,140.9,117.9,118.3,114.9,96.7,94.0,100.0,118.5,125.7,123.6,117.7,127.1,144.2,161.2,133.1,134.4,129.3,137.9,139.2
Unit labor cost (US dollar),Italy,Total Manufacturing (NAICS 31-33),C,NA,US Dollars,Index: 2002 = 100,19.8,19.5,20.2,20.7,20.4,20.3,20.8,21.1,21.8,21.1,21.4,21.9,23.3,26.9,28.3,27.3,26.7,28.1,27.7,29.4,33.6,38.2,41.4,44.5,48.1,62.0,53.1,57.6,65.7,74.7,80.8,72.6,70.9,71.0,65.4,64.5,86.6,103.1,105.8,106.7,131.8,137.7,141.6,114.2,107.8,107.7,120.6,112.9,111.5,108.1,91.7,92.3,100.0,126.2,140.4,141.3,140.8,156.2,176.4,188.4,166.4,175.7,165.0,172.6,177.9
Unit labor cost (US dollar),Japan,Total Manufacturing (NAICS 31-33),C,NA,US Dollars,Index: 2002 = 100,14.3,14.6,16.0,14.8,15.3,15.4,14.5,13.6,14.8,14.0,13.2,13.5,14.6,15.1,15.0,16.1,16.2,16.1,16.7,17.3,18.3,20.5,24.9,31.2,37.1,41.3,42.0,49.2,64.3,60.7,61.5,65.6,58.8,63.2,63.8,60.1,88.4,101.8,112.3,104.9,99.7,108.5,118.3,135.8,148.0,155.7,129.4,115.5,107.7,119.7,118.1,105.9,100.0,100.4,100.3,93.1,84.9,78.9,89.2,105.5,95.8,109.5,106.6,85.6,79.3
Unit labor cost (US dollar),South Korea,Total Manufacturing (NAICS 31-33),C,NA,US Dollars,Index: 2002 = 100,NA,NA,NA,NA,NA,NA,NA,NA,NA,NA,NA,NA,NA,NA,NA,NA,NA,NA,NA,NA,32.7,31.2,30.4,35.7,43.4,41.2,52.9,61.8,71.8,88.0,89.7,92.5,92.6,91.7,89.6,82.3,84.4,93.0,121.2,139.7,139.1,146.4,146.0,150.0,159.1,179.6,179.2,146.1,97.0,103.3,106.0,96.2,100.0,103.4,111.9,130.9,138.5,140.6,123.7,106.4,115.7,121.0,123.3,127.0,132.1
Unit labor cost (US dollar),Taiwan,Total Manufacturing (NAICS 31-33),C,NA,US Dollars,Index: 2002 = 100,NA,NA,NA,NA,NA,NA,NA,NA,NA,NA,NA,NA,NA,NA,NA,NA,NA,NA,NA,NA,23.3,24.3,24.3,29.8,45.0,45.2,46.6,47.8,49.1,57.8,66.5,69.3,69.5,64.9,68.8,73.4,80.0,97.7,114.0,129.7,139.6,143.3,159.6,157.7,159.4,160.7,154.5,145.9,124.1,123.8,122.9,115.0,100.0,96.6,97.8,99.5,96.1,88.7,93.6,81.1,77.5,84.2,82.4,81.8,78.0
Unit labor cost (US dollar),United Kingdom,Total Manufacturing (NAICS 31-33),C,NA,US Dollars,Index: 2002 = 100,10.0,10.9,12.4,12.4,12.7,13.3,14.4,14.9,15.6,15.5,15.6,16.7,17.1,17.0,17.0,18.1,18.9,18.8,16.2,17.2,19.4,21.3,23.9,24.9,28.2,36.3,32.9,35.7,45.0,58.5,78.7,75.8,68.3,59.2,53.4,54.6,65.3,77.1,84.8,80.5,94.8,101.9,95.5,82.2,83.2,88.6,90.9,99.7,108.4,105.6,98.0,95.2,100.0,110.0,122.0,122.0,127.7,137.0,131.6,117.3,113.6,118.2,122.4,126.0,133.8
,,,,,,,,,,,,,,,,,,,,,,,,,,,,,,,,,,,,,,,,,,,,,,,,,,,,,,,,,,,,,,,,,,,,,,,
Unit labor cost (US dollar),United States,,,,,,,6.4,4.5,3.6,2.7,-0.8,8.7,3.1,4.5,-1.0,3.7,0.2,-1.2,-3.9,-0.7,-1.6,2.4,5.6,3.5,5.8,6.8,-0.5,0.8,2.5,13.8,8.4,2.6,5.0,7.1,8.2,12.7,4.3,8.3,-3.8,0.6,1.5,3.0,-3.5,0.0,2.8,3.7,2.6,1.3,-1.3,-2.5,-1.5,-0.4,-0.7,-0.2,-1.5,0.0,0.3,-5.0,-4.6,-3.1,0.3,-1.7,-1.0,1.5,-2.5,-3.9,3.6,3.3,-0.1,0.5
Unit labor cost (US dollar),France,,,,,,,19.8,19.4,1.2,1.2,5.2,6.6,0.9,-4.5,-9.8,1.1,3.8,3.7,2.9,4.4,0.8,0.1,3.3,4.2,-2.1,-3.0,5.4,20.2,23.9,1.3,34.4,-4.2,5.9,18.3,15.8,13.3,-13.3,-7.8,-7.7,-7.4,0.8,35.0,18.7,0.2,-6.2,19.1,-0.3,8.0,-5.9,-0.5,9.8,-2.2,-14.0,-5.3,-5.4,-15.2,-1.9,6.9,17.3,9.0,-0.3,-0.7,8.6,12.5,-1.7,-6.0,2.8,-6.3,4.5,0.1
Unit labor cost (US dollar),Germany,,,,,,,9.2,-3.4,-1.5,0.0,0.4,4.6,2.2,1.5,-0.2,3.0,11.3,6.6,2.4,-0.3,3.7,4.2,-0.5,-0.7,3.6,22.6,14.2,14.7,27.1,11.3,10.9,-0.8,13.4,21.5,13.3,9.0,-15.9,-2.5,-4.4,-9.6,-2.5,42.7,28.0,2.2,-6.8,21.0,0.7,14.7,-1.1,-0.9,17.3,-2.2,-16.3,0.3,-2.8,-15.9,-2.7,6.3,18.5,6.2,-1.7,-4.8,8.0,13.5,11.8,-17.4,1.0,-3.9,6.7,1.0
Unit labor cost (US dollar),Italy,,,,,,,-1.8,3.7,2.3,-1.2,-0.6,2.3,1.7,3.4,-3.3,1.2,2.3,6.4,15.4,5.5,-3.8,-2.1,5.1,-1.1,6.0,14.3,13.8,8.1,7.6,8.1,28.9,-14.4,8.6,14.0,13.6,8.3,-10.2,-2.4,0.2,-7.9,-1.3,34.2,19.1,2.6,0.9,23.6,4.5,2.8,-19.3,-5.6,-0.1,12.0,-6.4,-1.2,-3.0,-15.2,0.6,8.4,26.2,11.3,0.7,-0.4,10.9,12.9,6.8,-11.6,5.6,-6.1,4.6,3.1
Unit labor cost (US dollar),Japan,,,,,,,2.1,10.0,-7.5,3.0,0.6,-5.4,-6.3,8.5,-5.3,-5.7,2.6,8.2,3.2,-0.9,7.7,0.7,-0.8,3.9,3.5,5.9,12.0,21.3,25.1,19.0,11.5,1.6,17.2,30.7,-5.6,1.2,6.7,-10.3,7.4,0.9,-5.7,47.1,15.1,10.4,-6.6,-5.0,8.8,9.1,14.8,9.0,5.2,-16.9,-10.8,-6.7,11.1,-1.3,-10.4,-5.6,0.4,-0.1,-7.2,-8.8,-7.1,13.1,18.3,-9.3,14.4,-2.7,-19.8,-7.4
Unit labor cost (US dollar),South Korea,,,,,,,,,,,,,,,,,,,,,,,,,,,-4.7,-2.6,17.6,21.5,-4.9,28.4,16.6,16.4,22.5,1.9,3.1,0.1,-1.0,-2.3,-8.1,2.5,10.3,30.2,15.3,-0.4,5.2,-0.2,2.7,6.1,12.8,-0.2,-18.5,-33.6,6.6,2.6,-9.3,3.9,3.4,8.2,17.0,5.8,1.6,-12.1,-14.0,8.7,4.6,1.9,3.0,4.0
Unit labor cost (US dollar),Taiwan,,,,,,,,,,,,,,,,,,,,,,,,,,,4.4,-0.2,22.7,51.1,0.3,3.1,2.6,2.8,17.6,15.2,4.1,0.3,-6.7,6.1,6.7,9.0,22.0,16.7,13.8,7.6,2.7,11.3,-1.2,1.0,0.8,-3.9,-5.5,-15.0,-0.2,-0.7,-6.4,-13.0,-3.4,1.2,1.7,-3.4,-7.7,5.5,-13.4,-4.5,8.7,-2.2,-0.7,-4.6
Unit labor cost (US dollar),United Kingdom,,,,,,,8.7,14.4,0.1,2.4,3.9,8.6,3.7,4.7,-1.0,0.8,6.9,2.8,-0.7,0.0,6.3,4.7,-0.9,-13.4,6.1,12.6,10.0,12.1,4.3,12.9,29.0,-9.5,8.6,26.0,30.1,34.5,-3.7,-9.8,-13.3,-9.8,2.2,19.5,18.0,10.1,-5.1,17.8,7.5,-6.3,-14.0,1.3,6.5,2.5,9.8,8.7,-2.5,-7.2,-2.8,5.0,10.0,10.9,0.0,4.6,7.3,-4.0,-10.9,-3.1,4.0,3.5,3.0,6.2
,,,,,,,,,,,,,,,,,,,,,,,,,,,,,,,,,,,,,,,,,,,,,,,,,,,,,,,,,,,,,,,,,,,,,,,
,,,,,,,,1949-1959,1960-1969,1970-1979,1980-1990,1991-2000,2001-2007,2008-2014,,1991-1995,1996-2000,,,,,,,,,,,,,,,,,,,,,,,,,,,,,,,,,,,,,,,,,,,,,,,,,,,,,,
Unit labor cost (US dollar),United States,,,,,,,3.5,1.4,5.5,2.7,-0.4,-2.1,0.3,,-0.3,-0.6,,,,,,,,,,,,,,,,,,,,,,,,,,,,,,,,,,,,,,,,,,,,,,,,,,,,,,
Unit labor cost (US dollar),France,,,,,,,4.4,2.2,11.8,4.1,-3.1,5.6,0.9,,2.2,-8.4,,,,,,,,,,,,,,,,,,,,,,,,,,,,,,,,,,,,,,,,,,,,,,,,,,,,,,
Unit labor cost (US dollar),Germany,,,,,,,1.4,3.3,14.8,5.6,-0.6,4.2,1.8,,6.2,-7.4,,,,,,,,,,,,,,,,,,,,,,,,,,,,,,,,,,,,,,,,,,,,,,,,,,,,,,
Unit labor cost (US dollar),Italy,,,,,,,0.7,3.5,10.3,6.1,-3.2,8.2,2.2,,-3.6,-2.8,,,,,,,,,,,,,,,,,,,,,,,,,,,,,,,,,,,,,,,,,,,,,,,,,,,,,,
Unit labor cost (US dollar),Japan,,,,,,,0.0,2.2,13.9,5.6,2.2,-5.5,1.0,,9.4,-4.9,,,,,,,,,,,,,,,,,,,,,,,,,,,,,,,,,,,,,,,,,,,,,,,,,,,,,,
Unit labor cost (US dollar),South Korea,,,,,,,,,12.3,4.7,-1.6,4.4,-0.5,,5.3,-8.6,,,,,,,,,,,,,,,,,,,,,,,,,,,,,,,,,,,,,,,,,,,,,,,,,,,,,,
Unit labor cost (US dollar),Taiwan,,,,,,,,,11.6,8.6,-1.1,-4.4,-1.6,,3.0,-5.1,,,,,,,,,,,,,,,,,,,,,,,,,,,,,,,,,,,,,,,,,,,,,,,,,,,,,,
Unit labor cost (US dollar),United Kingdom,,,,,,,5.1,1.3,13.6,5.5,0.6,5.0,-0.2,,-1.0,2.2,,,,,,,,,,,,,,,,,,,,,,,,,,,,,,,,,,,,,,,,,,,,,,,,,,,,,,